<EdrawExp>
	<ExpConfig>
		<RuntimeLog>FALSE</RuntimeLog>
		<Exception>TRUE</Exception>
		<ParseLog>TRUE</ParseLog>
	</ExpConfig>	
	<Exceptions>
		<Message>Unknow error code</Message>
		<Message>Successful</Message>
		<Message>Unknow error</Message>
		<Message>Can't or didn't evaluate</Message>
		<Message>Syntax error</Message>
		<Message>Unknow symbol</Message>
		<Message>Incorrect parameters count or type</Message>
		<Message>Incorrect parameters type</Message>
		<Message>Incorrect parameters count</Message>
		<Message>Wrong value type</Message>
		<Message>Beyond value range</Message>
		<Message>Unexcepted symbol in bool expression</Message>
		<Message>Unexcepted symbol in term expression</Message>
		<Message>Unexcepted symbol in mid expression</Message>
		<Message>Unexcepted symbol in expr expression</Message>
		<Message>Shape property syntax error</Message>
		<Message>Invalid index value</Message>
		<Message>Invalid shape id</Message>
		<Message>Shape not exist</Message>
		<Message>Shape is not a connector</Message>
		<Message>Shape has no geometry</Message>
		<Message>Shape has no parent</Message>
		<Message>Page not exist</Message>
		<Message>Command call failed</Message>
		<Message>Normalize formula error</Message>
		<Message>Evaluate Error</Message>
		<Message>Build Dependents Error</Message>
	</Exceptions>
</EdrawExp>