<ThemeColors Version="4">
    <ThemeColor Name="EDraw" PreDefine="TRUE" White="#FFFFFFFF" Black="#FF000000" Background="#FF1F497D" Fill="#FFEEECE1" Line="#FF4F81BD" Accent1="#FFC0504D" Accent2="#FF9BBB59" Accent3="#FF8064A2" Accent4="#FF4BACC6" Accent5="#FFF79646" Shadow="#FF000000" Text="#FF000000" />
    <ThemeColor Name="Gray" PreDefine="TRUE" White="#FFFFFFFF" Black="#FF000000" Background="#FFF8F8F8" Fill="#FF000000" Line="#FFDDDDDD" Accent1="#FFB2B2B2" Accent2="#FF969696" Accent3="#FF808080" Accent4="#FF5F5F5F" Accent5="#FF4D4D4D" Shadow="#FF000000" Text="#FF000000" /> 
    <ThemeColor Name="Nature" PreDefine="TRUE" White="#FFFFFFFF" Black="#FF000000" Background="#FFEBDDC3" Fill="#FF775F55" Line="#FF94B6D2" Accent1="#FFDD8047" Accent2="#FFA5AB81" Accent3="#FFD8B25C" Accent4="#FF7BA79D" Accent5="#FF968C8C" Shadow="#FF000000" Text="#FF000000" />
    <ThemeColor Name="Convene" PreDefine="TRUE" White="#FFFFFFFF" Black="#FF000000" Background="#FFDEF5FA" Fill="#FF464646" Line="#FF6AC5DB" Accent1="#FFEB747A" Accent2="#FFF08E59" Accent3="#FF729CD6" Accent4="#FF8A9ECE" Accent5="#FFB96F80" Shadow="#FF000000" Text="#FF000000" />
    <ThemeColor Name="Mission" PreDefine="TRUE" White="#FFFFFFFF" Black="#FF000000" Background="#FFDEF5FA" Fill="#FF464646" Line="#FF2DA2BF" Accent1="#FFDA1F28" Accent2="#FFEB641B" Accent3="#FF39639D" Accent4="#FF474B78" Accent5="#FF7D3C4A" Shadow="#FF000000" Text="#FF000000" />
    <ThemeColor Name="Beach" PreDefine="TRUE" White="#FFFFFFFF" Black="#FF000000" Background="#FFE7DEC9" Fill="#FF4F271C" Line="#FF6FBBCE" Accent1="#FFFDC022" Accent2="#FFDD6868" Accent3="#FF9FBD62" Accent4="#FFD07837" Accent5="#FF768AB8" Shadow="#FF000000" Text="#FF000000" />
    <ThemeColor Name="Technic" PreDefine="TRUE" White="#FFFFFFFF" Black="#FF000000" Background="#FFD4D2D0" Fill="#FF3B3B3B" Line="#FF8FB6C2" Accent1="#FFEDCB0C" Accent2="#FF9F9CB1" Accent3="#FF9DAC8A" Accent4="#FFABA085" Accent5="#FF979CA4" Shadow="#FF000000" Text="#FF000000" />
    <ThemeColor Name="Paper" PreDefine="TRUE" White="#FFFFFFFF" Black="#FF000000" Background="#FFFEFAC9" Fill="#FF444D26" Line="#FFA5B592" Accent1="#FFF3A447" Accent2="#FFE7BC29" Accent3="#FFD092A7" Accent4="#FF9C85C0" Accent5="#FF809EC2" Shadow="#FF000000" Text="#FF000000" />
    <ThemeColor Name="Decent" PreDefine="TRUE" White="#FFFFFFFF" Black="#FF000000" Background="#FFEAEBDE" Fill="#FF676A55" Line="#FF95B998" Accent1="#FFB0CCB0" Accent2="#FFA8CDD7" Accent3="#FFC0BEAF" Accent4="#FFCEC597" Accent5="#FFE8B7B7" Shadow="#FF000000" Text="#FF000000" />
    <ThemeColor Name="Peak" PreDefine="TRUE" White="#FFFFFFFF" Black="#FF000000" Background="#FFC9C2D1" Fill="#FF525056" Line="#FFCAB86F" Accent1="#FFA0B489" Accent2="#FF74B7CD" Accent3="#FF7592D5" Accent4="#FF8573CC" Accent5="#FFB78AC4" Shadow="#FF000000" Text="#FF000000" />
    <ThemeColor Name="Surf" PreDefine="TRUE" White="#FFFFFFFF" Black="#FF000000" Background="#FFFBEEC9" Fill="#FF4E3B30" Line="#FFF0A22E" Accent1="#FFA5644E" Accent2="#FFB58B80" Accent3="#FFC3986D" Accent4="#FFA19574" Accent5="#FFC17529" Shadow="#FF000000" Text="#FF000000" />
    <ThemeColor Name="Module" PreDefine="TRUE" White="#FFFFFFFF" Black="#FF000000" Background="#FFD4D4D6" Fill="#FF5A6378" Line="#FFF0AD00" Accent1="#FF60B5CC" Accent2="#FFE66C7D" Accent3="#FF6BB76D" Accent4="#FFE88651" Accent5="#FFC64847" Shadow="#FF000000" Text="#FF000000" />
    <ThemeColor Name="Oriel" PreDefine="TRUE" White="#FFFFFFFF" Black="#FF000000" Background="#FFFFF39D" Fill="#FF575F6D" Line="#FFFB944F" Accent1="#FF8CA9DF" Accent2="#FFE9725C" Accent3="#FFF3D14B" Accent4="#FFB5BFD9" Accent5="#FF8A8E95" Shadow="#FF000000" Text="#FF000000" />
    <ThemeColor Name="Aspect" PreDefine="TRUE" White="#FFFFFFFF" Black="#FF000000" Background="#FFE3DED1" Fill="#FF323232" Line="#FFF89430" Accent1="#FFCE5977" Accent2="#FF73A6C4" Accent3="#FF7DAE73" Accent4="#FF8D76A5" Accent5="#FFBD975E" Shadow="#FF000000" Text="#FF000000" />
    <ThemeColor Name="Balance" PreDefine="TRUE" White="#FFFFFFFF" Black="#FF000000" Background="#FFE9E5DC" Fill="#FF696464" Line="#FFED744B" Accent1="#FFDD6453" Accent2="#FFA79C9D" Accent3="#FFAF7E6D" Accent4="#FF986D6D" Accent5="#FFAB9978" Shadow="#FF000000" Text="#FF000000" />
    <ThemeColor Name="Town" PreDefine="TRUE" White="#FFFFFFFF" Black="#FF000000" Background="#FFC5D1D7" Fill="#FF646B86" Line="#FFD16349" Accent1="#FFCCB400" Accent2="#FF8CADAE" Accent3="#FF8C7B70" Accent4="#FF8FB08C" Accent5="#FFD19049" Shadow="#FF000000" Text="#FF000000" />
    <ThemeColor Name="Shining" PreDefine="TRUE" White="#FFFFFFFF" Black="#FF000000" Background="#FFF4E7ED" Fill="#FF653445" Line="#FFBF8096" Accent1="#FFB678C2" Accent2="#FFDE6C36" Accent3="#FFF9C18A" Accent4="#FFD195C0" Accent5="#FFFA9970" Shadow="#FF000000" Text="#FF000000" />
    <ThemeColor Name="Passion" PreDefine="TRUE" White="#FFFFFFFF" Black="#FF000000" Background="#FFD2D2D2" Fill="#FF620027" Line="#FFFDA4CA" Accent1="#FFFF4A93" Accent2="#FFE659D5" Accent3="#FFC586E3" Accent4="#FF69A6F8" Accent5="#FF89A4DC" Shadow="#FF000000" Text="#FF000000" />
    <ThemeColor Name="Country" PreDefine="TRUE" White="#FFFFFFFF" Black="#FF000000" Background="#FFDDE9EC" Fill="#FF46465D" Line="#FFA3ABCD" Accent1="#FF9FB8CD" Accent2="#FFD2DA7A" Accent3="#FFFADA7A" Accent4="#FFB88472" Accent5="#FFA28A82" Shadow="#FF000000" Text="#FF000000" />
    <ThemeColor Name="City" PreDefine="TRUE" White="#FFFFFFFF" Black="#FF000000" Background="#FFDEDEDE" Fill="#FF444444" Line="#FF9C9DC7" Accent1="#FF97C7CC" Accent2="#FFBE78C0" Accent3="#FFD28759" Accent4="#FFB57C57" Accent5="#FF7EA9C5" Shadow="#FF000000" Text="#FF000000" />
    <ThemeColor Name="Fluency" PreDefine="TRUE" White="#FFFFFFFF" Black="#FF000000" Background="#FFDBF5F9" Fill="#FF04617B" Line="#FF0F6FC6" Accent1="#FF009DD9" Accent2="#FF0BD0D9" Accent3="#FF10CF9B" Accent4="#FF7CCA62" Accent5="#FFA5C249" Shadow="#FF000000" Text="#FF000000" />
    <ThemeColor Name="Cross" PreDefine="TRUE" White="#FFFFFFFF" Black="#FF000000" Background="#FFD6ECFF" Fill="#FF4E5B6F" Line="#FF7FD13B" Accent1="#FFF059A0" Accent2="#FFFEB80A" Accent3="#FF52C9BA" Accent4="#FF37BEE6" Accent5="#FF8EA2D2" Shadow="#FF000000" Text="#FF000000" />
    <ThemeColor Name="Dusk" PreDefine="TRUE" White="#FFFFFFFF" Black="#FF000000" Background="#FFFFFFF4" Fill="#FF2F2F2F" Line="#FF918415" Accent1="#FFC47546" Accent2="#FFAFB591" Accent3="#FFB9945B" Accent4="#FF85ADBC" Accent5="#FFE5B440" Shadow="#FF000000" Text="#FF000000" /> 
    <ThemeColor Name="Engine" PreDefine="TRUE"  White="#FFFFFFFF" Black="#FF000000" Background="#FFDDDDDD" Fill="#FF4D4D4D" Line="#FFB2B2B2" Accent1="#FF808080" Accent2="#FFFFBF28" Accent3="#FF8ACF57" Accent4="#FF00AEEE" Accent5="#FFFF1418" Shadow="#FF000000" Text="#FF000000" />      
</ThemeColors>
