<ThemeTexts Version="4.5">
    <ThemeText Name="Verdana" PreDefine="TRUE">
        <TextFormat>
            <FontFamily>Verdana</FontFamily>
            <FontWeight>400</FontWeight>
            <FontHeight>10</FontHeight>
            <FontItalic>FALSE</FontItalic>
            <FontUnderline>FALSE</FontUnderline>
            <FontStrikeout>FALSE</FontStrikeout>
            <AlignHorizontal>Center</AlignHorizontal>
            <AlignVertical>Middle</AlignVertical>
            <Color>#000000</Color>
            <FontOffset>0</FontOffset>
            <ExtendMode>0</ExtendMode>
            <FontBackColor>#00FFFF</FontBackColor>
            <FontBullet>0</FontBullet>
            <LeftOffset>0</LeftOffset>
            <StartIndent>50</StartIndent>
            <RightIndent>50</RightIndent>
            <LineSpace>20</LineSpace>
            <SpaceBefore>0</SpaceBefore>
            <SpaceAfter>0</SpaceAfter>
        </TextFormat>
    </ThemeText>
    <ThemeText Name="Arial" PreDefine="TRUE">
        <TextFormat>
            <FontFamily>Arial</FontFamily>
            <FontWeight>400</FontWeight>
            <FontHeight>10</FontHeight>
            <FontItalic>FALSE</FontItalic>
            <FontUnderline>FALSE</FontUnderline>
            <FontStrikeout>FALSE</FontStrikeout>
            <AlignHorizontal>Center</AlignHorizontal>
            <AlignVertical>Middle</AlignVertical>
            <Color>#000000</Color>
            <FontOffset>0</FontOffset>
            <ExtendMode>0</ExtendMode>
            <FontBackColor>#00FFFF</FontBackColor>
            <FontBullet>0</FontBullet>
            <LeftOffset>0</LeftOffset>
            <StartIndent>50</StartIndent>
            <RightIndent>50</RightIndent>
            <LineSpace>20</LineSpace>
            <SpaceBefore>0</SpaceBefore>
            <SpaceAfter>0</SpaceAfter>
        </TextFormat>
    </ThemeText>
    <ThemeText Name="Times New Roman" PreDefine="TRUE">
        <TextFormat>
            <FontFamily>Arial</FontFamily>
            <FontWeight>400</FontWeight>
            <FontHeight>10</FontHeight>
            <FontItalic>FALSE</FontItalic>
            <FontUnderline>FALSE</FontUnderline>
            <FontStrikeout>FALSE</FontStrikeout>
            <AlignHorizontal>Center</AlignHorizontal>
            <AlignVertical>Middle</AlignVertical>
            <Color>#000000</Color>
            <FontOffset>0</FontOffset>
            <ExtendMode>0</ExtendMode>
            <FontBackColor>#00FFFF</FontBackColor>
            <FontBullet>0</FontBullet>
            <LeftOffset>0</LeftOffset>
            <StartIndent>50</StartIndent>
            <RightIndent>50</RightIndent>
            <LineSpace>20</LineSpace>
            <SpaceBefore>0</SpaceBefore>
            <SpaceAfter>0</SpaceAfter>
        </TextFormat>
    </ThemeText>
    <ThemeText Name="Courier New" PreDefine="TRUE">
        <TextFormat>
            <FontFamily>Courier New</FontFamily>
            <FontWeight>400</FontWeight>
            <FontHeight>10</FontHeight>
            <FontItalic>FALSE</FontItalic>
            <FontUnderline>FALSE</FontUnderline>
            <FontStrikeout>FALSE</FontStrikeout>
            <AlignHorizontal>Center</AlignHorizontal>
            <AlignVertical>Middle</AlignVertical>
            <Color>#000000</Color>
            <FontOffset>0</FontOffset>
            <ExtendMode>0</ExtendMode>
            <FontBackColor>#00FFFF</FontBackColor>
            <FontBullet>0</FontBullet>
            <LeftOffset>0</LeftOffset>
            <StartIndent>50</StartIndent>
            <RightIndent>50</RightIndent>
            <LineSpace>20</LineSpace>
            <SpaceBefore>0</SpaceBefore>
            <SpaceAfter>0</SpaceAfter>
        </TextFormat>
    </ThemeText>
    <ThemeText Name="Comic Sans MS" PreDefine="TRUE">
        <TextFormat>
            <FontFamily>Comic Sans MS</FontFamily>
            <FontWeight>400</FontWeight>
            <FontHeight>10</FontHeight>
            <FontItalic>FALSE</FontItalic>
            <FontUnderline>FALSE</FontUnderline>
            <FontStrikeout>FALSE</FontStrikeout>
            <AlignHorizontal>Center</AlignHorizontal>
            <AlignVertical>Middle</AlignVertical>
            <Color>#000000</Color>
            <FontOffset>0</FontOffset>
            <ExtendMode>0</ExtendMode>
            <FontBackColor>#00FFFF</FontBackColor>
            <FontBullet>0</FontBullet>
            <LeftOffset>0</LeftOffset>
            <StartIndent>50</StartIndent>
            <RightIndent>50</RightIndent>
            <LineSpace>20</LineSpace>
            <SpaceBefore>0</SpaceBefore>
            <SpaceAfter>0</SpaceAfter>
        </TextFormat>
    </ThemeText>
    <ThemeText Name="Lucida Sans Unicode" PreDefine="TRUE">
        <TextFormat>
            <FontFamily>Lucida Sans Unicode</FontFamily>
            <FontWeight>400</FontWeight>
            <FontHeight>10</FontHeight>
            <FontItalic>FALSE</FontItalic>
            <FontUnderline>FALSE</FontUnderline>
            <FontStrikeout>FALSE</FontStrikeout>
            <AlignHorizontal>Center</AlignHorizontal>
            <AlignVertical>Middle</AlignVertical>
            <Color>#000000</Color>
            <FontOffset>0</FontOffset>
            <ExtendMode>0</ExtendMode>
            <FontBackColor>#00FFFF</FontBackColor>
            <FontBullet>0</FontBullet>
            <LeftOffset>0</LeftOffset>
            <StartIndent>50</StartIndent>
            <RightIndent>50</RightIndent>
            <LineSpace>20</LineSpace>
            <SpaceBefore>0</SpaceBefore>
            <SpaceAfter>0</SpaceAfter>
        </TextFormat>
    </ThemeText>
    <ThemeText Name="Microsoft Sans Serif" PreDefine="TRUE">
        <TextFormat>
            <FontFamily>Microsoft Sans Serif</FontFamily>
            <FontWeight>400</FontWeight>
            <FontHeight>10</FontHeight>
            <FontItalic>FALSE</FontItalic>
            <FontUnderline>FALSE</FontUnderline>
            <FontStrikeout>FALSE</FontStrikeout>
            <AlignHorizontal>Center</AlignHorizontal>
            <AlignVertical>Middle</AlignVertical>
            <Color>#000000</Color>
            <FontOffset>0</FontOffset>
            <ExtendMode>0</ExtendMode>
            <FontBackColor>#00FFFF</FontBackColor>
            <FontBullet>0</FontBullet>
            <LeftOffset>0</LeftOffset>
            <StartIndent>50</StartIndent>
            <RightIndent>50</RightIndent>
            <LineSpace>20</LineSpace>
            <SpaceBefore>0</SpaceBefore>
            <SpaceAfter>0</SpaceAfter>
        </TextFormat>
    </ThemeText>    
    <ThemeText Name="Tahoma" PreDefine="TRUE">
        <TextFormat>
            <FontFamily>Tahoma</FontFamily>
            <FontWeight>400</FontWeight>
            <FontHeight>10</FontHeight>
            <FontItalic>FALSE</FontItalic>
            <FontUnderline>FALSE</FontUnderline>
            <FontStrikeout>FALSE</FontStrikeout>
            <AlignHorizontal>Center</AlignHorizontal>
            <AlignVertical>Middle</AlignVertical>
            <Color>#000000</Color>
            <FontOffset>0</FontOffset>
            <ExtendMode>0</ExtendMode>
            <FontBackColor>#00FFFF</FontBackColor>
            <FontBullet>0</FontBullet>
            <LeftOffset>0</LeftOffset>
            <StartIndent>50</StartIndent>
            <RightIndent>50</RightIndent>
            <LineSpace>20</LineSpace>
            <SpaceBefore>0</SpaceBefore>
            <SpaceAfter>0</SpaceAfter>
        </TextFormat>
    </ThemeText>
</ThemeTexts>
