<ThemeEffects Version="4.5">
    <ThemeEffect Name="Edraw" PreDefine="TRUE">
        <ShapeFormat QuickMask="-1">
            <FillFormat Type="Solid" Color="#FFFFFFFF" />
            <LineFormat>
                <LineWeight>0.25</LineWeight>
                <LineCap>0</LineCap>
                <LinePattern>1</LinePattern>
                <Rounding>1</Rounding>
                <BeginArrowID>5</BeginArrowID>
                <BeginArrowSize>4</BeginArrowSize>
                <EndArrowID>5</EndArrowID>
                <EndArrowSize>4</EndArrowSize>
                <LineFill Type="Solid" Color="#FF4F81BD" />
            </LineFormat>
            <EffectFormat>
                <Shadow Mode="0" />
            </EffectFormat>
        </ShapeFormat>
        <ShapeFormat QuickMask="-1">
            <FillFormat Type="Solid" Color="#FFB9CDE5" />
            <LineFormat>
                <LineWeight>1</LineWeight>
                <LineCap>0</LineCap>
                <LinePattern>1</LinePattern>
                <Rounding>1</Rounding>
                <BeginArrowID>0</BeginArrowID>
                <BeginArrowSize>4</BeginArrowSize>
                <EndArrowID>0</EndArrowID>
                <EndArrowSize>4</EndArrowSize>
                <LineFill Type="Solid" Color="#FF366092" />
            </LineFormat>
            <EffectFormat>
                <Shadow Mode="0" />
            </EffectFormat>
        </ShapeFormat>
        <ShapeFormat QuickMask="-1">
            <FillFormat Type="Solid" Color="#FF4F81BD" />
            <LineFormat>
                <LineWeight>2</LineWeight>
                <LineCap>0</LineCap>
                <LinePattern>1</LinePattern>
                <Rounding>1</Rounding>
                <BeginArrowID>0</BeginArrowID>
                <BeginArrowSize>4</BeginArrowSize>
                <EndArrowID>0</EndArrowID>
                <EndArrowSize>4</EndArrowSize>
                <LineFill Type="Solid" Color="#FFFFFFFF" />
            </LineFormat>
            <EffectFormat>
                <Shadow Mode="14" Scale="1" OffsetX="0" OffsetY="4" Angle="0" Blur="6" Color="#98000000" />
            </EffectFormat>
        </ShapeFormat>
        <ShapeFormat QuickMask="-1">
            <FillFormat Type="Linear" StopNum="3" Direction="90">
                <Stop Color="#FFDCE6F2" Offset="0" />
                <Stop Color="#FFB9CDE5" Offset="0.5" />
                <Stop Color="#FF95B3D7" Offset="1" />
            </FillFormat>
            <LineFormat>
                <LineWeight>1</LineWeight>
                <LineCap>0</LineCap>
                <LinePattern>1</LinePattern>
                <Rounding>1</Rounding>
                <BeginArrowID>0</BeginArrowID>
                <BeginArrowSize>4</BeginArrowSize>
                <EndArrowID>0</EndArrowID>
                <EndArrowSize>4</EndArrowSize>
                <LineFill Type="Solid" Color="#FF366092" />
            </LineFormat>
            <EffectFormat>
                <Shadow Mode="0" />
            </EffectFormat>
        </ShapeFormat>
        <ShapeFormat QuickMask="-1">
            <FillFormat Type="Linear" StopNum="3" Direction="90">
                <Stop Color="#FFDCE6F2" Offset="0" />
                <Stop Color="#FF95B3D7" Offset="0.5" />
                <Stop Color="#FF4F81BD" Offset="1" />
            </FillFormat>
            <LineFormat>
                <LineWeight>1</LineWeight>
                <LineCap>0</LineCap>
                <LinePattern>1</LinePattern>
                <Rounding>1</Rounding>
                <BeginArrowID>0</BeginArrowID>
                <BeginArrowSize>4</BeginArrowSize>
                <EndArrowID>0</EndArrowID>
                <EndArrowSize>4</EndArrowSize>
                <LineFill Type="Solid" Color="#FF366092" />
            </LineFormat>
            <EffectFormat>
                <Shadow Mode="14" Scale="1" OffsetX="0" OffsetY="4" Angle="0" Blur="6" Color="#98000000" />
            </EffectFormat>
        </ShapeFormat>
        <ShapeFormat QuickMask="-1">
            <FillFormat Type="Linear" StopNum="3" Direction="90">
                <Stop Color="#FF4F81BD" Offset="0" />
                <Stop Color="#FF366092" Offset="0.5" />
                <Stop Color="#FF244061" Offset="1" />
            </FillFormat>
            <LineFormat>
                <LineWeight>1</LineWeight>
                <LineCap>0</LineCap>
                <LinePattern>1</LinePattern>
                <Rounding>1</Rounding>
                <BeginArrowID>0</BeginArrowID>
                <BeginArrowSize>4</BeginArrowSize>
                <EndArrowID>0</EndArrowID>
                <EndArrowSize>4</EndArrowSize>
                <LineFill Type="Solid" Color="#FF244061" />
            </LineFormat>
            <EffectFormat>
                <Shadow Mode="14" Scale="1" OffsetX="0" OffsetY="4" Angle="0" Blur="6" Color="#98000000" />
            </EffectFormat>
        </ShapeFormat>
    </ThemeEffect>
    <ThemeEffect Name="Shining" PreDefine="TRUE">
        <ShapeFormat QuickMask="-1">
            <FillFormat Type="Solid" Color="#FFFFFFFF" />
            <LineFormat>
                <LineWeight>0.25</LineWeight>
                <LineCap>0</LineCap>
                <LinePattern>1</LinePattern>
                <Rounding>1</Rounding>
                <BeginArrowID>5</BeginArrowID>
                <BeginArrowSize>4</BeginArrowSize>
                <EndArrowID>5</EndArrowID>
                <EndArrowSize>4</EndArrowSize>
                <LineFill Type="Solid" Color="#FF4F81BD" />
            </LineFormat>
            <EffectFormat>
                <Shadow Mode="0" />
            </EffectFormat>
        </ShapeFormat>
        <ShapeFormat QuickMask="-1">
            <FillFormat Type="Solid" Color="#FFB9CDE5" />
            <LineFormat>
                <LineWeight>1</LineWeight>
                <LineCap>0</LineCap>
                <LinePattern>1</LinePattern>
                <Rounding>1</Rounding>
                <BeginArrowID>0</BeginArrowID>
                <BeginArrowSize>4</BeginArrowSize>
                <EndArrowID>0</EndArrowID>
                <EndArrowSize>4</EndArrowSize>
                <LineFill Type="Solid" Color="#FF4F81BD" />
            </LineFormat>
            <EffectFormat>
                <Shadow Mode="0" />
            </EffectFormat>
        </ShapeFormat>
        <ShapeFormat QuickMask="-1">
            <FillFormat Type="Solid" Color="#FF4F81BD" />
            <LineFormat>
                <LineWeight>2</LineWeight>
                <LineCap>0</LineCap>
                <LinePattern>1</LinePattern>
                <Rounding>1</Rounding>
                <BeginArrowID>0</BeginArrowID>
                <BeginArrowSize>4</BeginArrowSize>
                <EndArrowID>0</EndArrowID>
                <EndArrowSize>4</EndArrowSize>
                <LineFill Type="Solid" Color="#FFFFFFFF" />
            </LineFormat>
            <EffectFormat>
                <Shadow Mode="14" Scale="1" OffsetX="0" OffsetY="3" Angle="0" Blur="4" Color="#98000000" />
            </EffectFormat>
        </ShapeFormat>
        <ShapeFormat QuickMask="-1">
            <FillFormat Type="Linear" StopNum="3" Direction="90">
                <Stop Color="#FF729ACA" Offset="0" />
                <Stop Color="#FF95B3D7" Offset="0.5" />
                <Stop Color="#FF729ACA" Offset="1" />
            </FillFormat>
            <LineFormat>
                <LineWeight>1</LineWeight>
                <LineCap>0</LineCap>
                <LinePattern>1</LinePattern>
                <Rounding>1</Rounding>
                <BeginArrowID>0</BeginArrowID>
                <BeginArrowSize>4</BeginArrowSize>
                <EndArrowID>0</EndArrowID>
                <EndArrowSize>4</EndArrowSize>
                <LineFill Type="Solid" Color="#FF366092" />
            </LineFormat>
            <EffectFormat>
                <Shadow Mode="0" />
            </EffectFormat>
        </ShapeFormat>
        <ShapeFormat QuickMask="-1">
            <FillFormat Type="Linear" StopNum="4" Direction="90">
                <Stop Color="#FFDCE6F2" Offset="0" />
                <Stop Color="#FF95B3D7" Offset="0.49" />
                <Stop Color="#FF729ACA" Offset="0.49" />
                <Stop Color="#FF95B3D7" Offset="1" />
            </FillFormat>
            <LineFormat>
                <LineWeight>1</LineWeight>
                <LineCap>0</LineCap>
                <LinePattern>1</LinePattern>
                <Rounding>1</Rounding>
                <BeginArrowID>0</BeginArrowID>
                <BeginArrowSize>4</BeginArrowSize>
                <EndArrowID>0</EndArrowID>
                <EndArrowSize>4</EndArrowSize>
                <LineFill Type="Solid" Color="#FF729ACA" />
            </LineFormat>
            <EffectFormat>
                <Shadow Mode="14" Scale="1" OffsetX="0" OffsetY="3" Angle="0" Blur="4" Color="#98000000" />
            </EffectFormat>
        </ShapeFormat>
        <ShapeFormat QuickMask="-1">
            <FillFormat Type="Linear" StopNum="4" Direction="90">
                <Stop Color="#FFB9CDE5" Offset="0" />
                <Stop Color="#FF729ACA" Offset="0.49" />
                <Stop Color="#FF366092" Offset="0.49" />
                <Stop Color="#FF729ACA" Offset="1" />
            </FillFormat>
            <LineFormat>
                <LineWeight>1</LineWeight>
                <LineCap>0</LineCap>
                <LinePattern>1</LinePattern>
                <Rounding>1</Rounding>
                <BeginArrowID>0</BeginArrowID>
                <BeginArrowSize>4</BeginArrowSize>
                <EndArrowID>0</EndArrowID>
                <EndArrowSize>4</EndArrowSize>
                <LineFill Type="Solid" Color="#FF729ACA" />
            </LineFormat>
            <EffectFormat>
                <Shadow Mode="14" Scale="1" OffsetX="0" OffsetY="3" Angle="0" Blur="4" Color="#98000000" />
            </EffectFormat>
        </ShapeFormat>
    </ThemeEffect>
    <ThemeEffect Name="City" PreDefine="TRUE">
        <ShapeFormat QuickMask="81922">
            <FillFormat Type="Solid" Color="#FFFFFFFF" />
            <LineFormat>
                <LineWeight>0.25</LineWeight>
                <LineCap>0</LineCap>
                <LinePattern>1</LinePattern>
                <Rounding>1</Rounding>
                <BeginArrowID>16</BeginArrowID>
                <BeginArrowSize>4</BeginArrowSize>
                <EndArrowID>16</EndArrowID>
                <EndArrowSize>4</EndArrowSize>
                <LineFill Type="Solid" Color="#FF4F81BD" />
            </LineFormat>
            <EffectFormat>
                <Shadow Mode="0" />
            </EffectFormat>
        </ShapeFormat>
        <ShapeFormat QuickMask="2313">
            <FillFormat Type="Solid" Color="#FF4F81BD" />
            <LineFormat>
                <LineWeight>1</LineWeight>
                <LineCap>0</LineCap>
                <LinePattern>1</LinePattern>
                <Rounding>1</Rounding>
                <BeginArrowID>0</BeginArrowID>
                <BeginArrowSize>4</BeginArrowSize>
                <EndArrowID>0</EndArrowID>
                <EndArrowSize>4</EndArrowSize>
                <LineFill Type="Solid" Color="#FF366092" />
            </LineFormat>
            <EffectFormat>
                <Shadow Mode="0" />
            </EffectFormat>
        </ShapeFormat>
        <ShapeFormat QuickMask="5662">
            <FillFormat Type="Linear" StopNum="3" Direction="0">
                <Stop Color="#FFB9CDE5" Offset="0" />
                <Stop Color="#FFDCE6F2" Offset="0.5" />
                <Stop Color="#FFB9CDE5" Offset="1" />
            </FillFormat>
            <LineFormat>
                <LineWeight>1</LineWeight>
                <LineCap>0</LineCap>
                <LinePattern>1</LinePattern>
                <Rounding>1</Rounding>
                <BeginArrowID>0</BeginArrowID>
                <BeginArrowSize>4</BeginArrowSize>
                <EndArrowID>0</EndArrowID>
                <EndArrowSize>4</EndArrowSize>
                <LineFill Type="Solid" Color="#FF729ACA" />
            </LineFormat>
            <EffectFormat>
                <Shadow Mode="14" Scale="1" OffsetX="2" OffsetY="2" Angle="0" Blur="3" Color="#59000000" />
            </EffectFormat>
        </ShapeFormat>
        <ShapeFormat QuickMask="5662">
            <FillFormat Type="Linear" StopNum="3" Direction="0">
                <Stop Color="#FF729ACA" Offset="0" />
                <Stop Color="#FFB9CDE5" Offset="0.5" />
                <Stop Color="#FF729ACA" Offset="1" />
            </FillFormat>
            <LineFormat>
                <LineWeight>1</LineWeight>
                <LineCap>0</LineCap>
                <LinePattern>1</LinePattern>
                <Rounding>1</Rounding>
                <BeginArrowID>0</BeginArrowID>
                <BeginArrowSize>4</BeginArrowSize>
                <EndArrowID>0</EndArrowID>
                <EndArrowSize>4</EndArrowSize>
                <LineFill Type="Solid" Color="#FF366092" />
            </LineFormat>
            <EffectFormat>
                <Shadow Mode="14" Scale="1" OffsetX="2" OffsetY="2" Angle="0" Blur="3" Color="#59000000" />
            </EffectFormat>
        </ShapeFormat>
        <ShapeFormat QuickMask="22046">
            <FillFormat Type="Linear" StopNum="3" Direction="0">
                <Stop Color="#FF729ACA" Offset="0" />
                <Stop Color="#FFB9CDE5" Offset="0.5" />
                <Stop Color="#FF729ACA" Offset="1" />
            </FillFormat>
            <LineFormat>
                <LineWeight>2</LineWeight>
                <LineCap>0</LineCap>
                <LinePattern>1</LinePattern>
                <Rounding>1</Rounding>
                <BeginArrowID>0</BeginArrowID>
                <BeginArrowSize>4</BeginArrowSize>
                <EndArrowID>0</EndArrowID>
                <EndArrowSize>4</EndArrowSize>
                <LineFill Type="Solid" Color="#FFFFFFFF" />
            </LineFormat>
            <EffectFormat>
                <Shadow Mode="14" Scale="1" OffsetX="2" OffsetY="2" Angle="0" Blur="3" Color="#59000000" />
            </EffectFormat>
        </ShapeFormat>
        <ShapeFormat QuickMask="5662">
            <FillFormat Type="Linear" StopNum="3" Direction="0">
                <Stop Color="#FF4F81BD" Offset="0" />
                <Stop Color="#FF729ACA" Offset="0.5" />
                <Stop Color="#FF4F81BD" Offset="1" />
            </FillFormat>
            <LineFormat>
                <LineWeight>1</LineWeight>
                <LineCap>0</LineCap>
                <LinePattern>1</LinePattern>
                <Rounding>1</Rounding>
                <BeginArrowID>0</BeginArrowID>
                <BeginArrowSize>4</BeginArrowSize>
                <EndArrowID>0</EndArrowID>
                <EndArrowSize>4</EndArrowSize>
                <LineFill Type="Solid" Color="#FF366092" />
            </LineFormat>
            <EffectFormat>
                <Shadow Mode="14" Scale="1" OffsetX="2" OffsetY="2" Angle="0" Blur="3" Color="#59000000" />
            </EffectFormat>
        </ShapeFormat>
    </ThemeEffect>
    <ThemeEffect Name="Fluency" PreDefine="TRUE">
        <ShapeFormat QuickMask="81922">
            <FillFormat Type="Solid" Color="#FFFFFFFF" />
            <LineFormat>
                <LineWeight>0.25</LineWeight>
                <LineCap>0</LineCap>
                <LinePattern>1</LinePattern>
                <Rounding>1</Rounding>
                <BeginArrowID>5</BeginArrowID>
                <BeginArrowSize>4</BeginArrowSize>
                <EndArrowID>5</EndArrowID>
                <EndArrowSize>4</EndArrowSize>
                <LineFill Type="Solid" Color="#FF4F81BD" />
            </LineFormat>
            <EffectFormat>
                <Shadow Mode="0" />
            </EffectFormat>
        </ShapeFormat>
        <ShapeFormat QuickMask="7945">
            <FillFormat Type="Solid" Color="#FFDCE6F2" />
            <LineFormat>
                <LineWeight>1</LineWeight>
                <LineCap>0</LineCap>
                <LinePattern>1</LinePattern>
                <Rounding>1</Rounding>
                <BeginArrowID>0</BeginArrowID>
                <BeginArrowSize>4</BeginArrowSize>
                <EndArrowID>0</EndArrowID>
                <EndArrowSize>4</EndArrowSize>
                <LineFill Type="Solid" Color="#FF4F81BD" />
            </LineFormat>
            <EffectFormat>
                <Shadow Mode="0" />
            </EffectFormat>
        </ShapeFormat>
        <ShapeFormat QuickMask="22046">
            <FillFormat Type="Radial" StopNum="3" PreDefine="0">
                <Stop Color="#FF729ACA" Offset="0" />
                <Stop Color="#FFB9CDE5" Offset="0.45" />
                <Stop Color="#FFFFFFFF" Offset="1" />
            </FillFormat>
            <LineFormat>
                <LineWeight>2</LineWeight>
                <LineCap>0</LineCap>
                <LinePattern>1</LinePattern>
                <Rounding>1</Rounding>
                <BeginArrowID>0</BeginArrowID>
                <BeginArrowSize>4</BeginArrowSize>
                <EndArrowID>0</EndArrowID>
                <EndArrowSize>4</EndArrowSize>
                <LineFill Type="Solid" Color="#FFFFFFFF" />
            </LineFormat>
            <EffectFormat>
                <Shadow Mode="14" Scale="1" OffsetX="2" OffsetY="2" Angle="0" Blur="3" Color="#59000000" />
            </EffectFormat>
        </ShapeFormat>
        <ShapeFormat QuickMask="5662">
            <FillFormat Type="Radial" StopNum="3" PreDefine="0">
                <Stop Color="#FF729ACA" Offset="0" />
                <Stop Color="#FFB9CDE5" Offset="0.45" />
                <Stop Color="#FFFFFFFF" Offset="1" />
            </FillFormat>
            <LineFormat>
                <LineWeight>1</LineWeight>
                <LineCap>0</LineCap>
                <LinePattern>1</LinePattern>
                <Rounding>1</Rounding>
                <BeginArrowID>0</BeginArrowID>
                <BeginArrowSize>4</BeginArrowSize>
                <EndArrowID>0</EndArrowID>
                <EndArrowSize>4</EndArrowSize>
                <LineFill Type="Solid" Color="#FF366092" />
            </LineFormat>
            <EffectFormat>
                <Shadow Mode="0" />
            </EffectFormat>
        </ShapeFormat>
        <ShapeFormat QuickMask="22046">
            <FillFormat Type="Radial" StopNum="3" PreDefine="0">
                <Stop Color="#FF366092" Offset="0" />
                <Stop Color="#FF729ACA" Offset="0.55" />
                <Stop Color="#FFDCE6F2" Offset="1" />
            </FillFormat>
            <LineFormat>
                <LineWeight>2</LineWeight>
                <LineCap>0</LineCap>
                <LinePattern>1</LinePattern>
                <Rounding>1</Rounding>
                <BeginArrowID>0</BeginArrowID>
                <BeginArrowSize>4</BeginArrowSize>
                <EndArrowID>0</EndArrowID>
                <EndArrowSize>4</EndArrowSize>
                <LineFill Type="Solid" Color="#FFFFFFFF" />
            </LineFormat>
            <EffectFormat>
                <Shadow Mode="14" Scale="1" OffsetX="2" OffsetY="2" Angle="0" Blur="3" Color="#59000000" />
            </EffectFormat>
        </ShapeFormat>
        <ShapeFormat QuickMask="1566">
            <FillFormat Type="Radial" StopNum="3" PreDefine="0">
                <Stop Color="#FF366092" Offset="0" />
                <Stop Color="#FF729ACA" Offset="0.55" />
                <Stop Color="#FFDCE6F2" Offset="1" />
            </FillFormat>
            <LineFormat>
                <LineWeight>1</LineWeight>
                <LineCap>0</LineCap>
                <LinePattern>1</LinePattern>
                <Rounding>1</Rounding>
                <BeginArrowID>0</BeginArrowID>
                <BeginArrowSize>4</BeginArrowSize>
                <EndArrowID>0</EndArrowID>
                <EndArrowSize>4</EndArrowSize>
                <LineFill Type="Solid" Color="#FF366092" />
            </LineFormat>
            <EffectFormat>
                <Shadow Mode="0" />
            </EffectFormat>
        </ShapeFormat>
    </ThemeEffect>
    <ThemeEffect Name="Nature" PreDefine="TRUE">
        <ShapeFormat QuickMask="16384">
            <FillFormat Type="Solid" Color="#FFFFFFFF" />
            <LineFormat>
                <LineWeight>0.25</LineWeight>
                <LineCap>0</LineCap>
                <LinePattern>1</LinePattern>
                <Rounding>1</Rounding>
                <BeginArrowID>0</BeginArrowID>
                <BeginArrowSize>4</BeginArrowSize>
                <EndArrowID>5</EndArrowID>
                <EndArrowSize>4</EndArrowSize>
                <LineFill Type="Solid" Color="#FF4F81BD" />
            </LineFormat>
            <EffectFormat>
                <Shadow Mode="0" />
            </EffectFormat>
        </ShapeFormat>
        <ShapeFormat QuickMask="7424">
            <FillFormat Type="Solid" Color="#FFDCE6F2" />
            <LineFormat>
                <LineWeight>1</LineWeight>
                <LineCap>0</LineCap>
                <LinePattern>1</LinePattern>
                <Rounding>1</Rounding>
                <BeginArrowID>0</BeginArrowID>
                <BeginArrowSize>4</BeginArrowSize>
                <EndArrowID>0</EndArrowID>
                <EndArrowSize>4</EndArrowSize>
                <LineFill Type="Solid" Color="#FF729ACA" />
            </LineFormat>
            <EffectFormat>
                <Shadow Mode="0" />
            </EffectFormat>
        </ShapeFormat>
        <ShapeFormat QuickMask="22039">
            <FillFormat Type="Linear" StopNum="3" Direction="300">
                <Stop Color="#FF95B3D7" Offset="0" />
                <Stop Color="#FFB9CDE5" Offset="0.4" />
                <Stop Color="#FFFFFFFF" Offset="1" />
            </FillFormat>
            <LineFormat>
                <LineWeight>2</LineWeight>
                <LineCap>0</LineCap>
                <LinePattern>1</LinePattern>
                <Rounding>1</Rounding>
                <BeginArrowID>0</BeginArrowID>
                <BeginArrowSize>4</BeginArrowSize>
                <EndArrowID>0</EndArrowID>
                <EndArrowSize>4</EndArrowSize>
                <LineFill Type="Solid" Color="#FFFFFFFF" />
            </LineFormat>
            <EffectFormat>
                <Shadow Mode="14" Scale="1" OffsetX="0" OffsetY="1" Angle="0" Blur="3" Color="#FFFAFAFA" />
            </EffectFormat>
        </ShapeFormat>
        <ShapeFormat QuickMask="1559">
            <FillFormat Type="Linear" StopNum="3" Direction="300">
                <Stop Color="#FF95B3D7" Offset="0" />
                <Stop Color="#FFB9CDE5" Offset="0.4" />
                <Stop Color="#FFFFFFFF" Offset="1" />
            </FillFormat>
            <LineFormat>
                <LineWeight>1</LineWeight>
                <LineCap>0</LineCap>
                <LinePattern>1</LinePattern>
                <Rounding>1</Rounding>
                <BeginArrowID>0</BeginArrowID>
                <BeginArrowSize>4</BeginArrowSize>
                <EndArrowID>0</EndArrowID>
                <EndArrowSize>4</EndArrowSize>
                <LineFill Type="Solid" Color="#FF4F81BD" />
            </LineFormat>
            <EffectFormat>
                <Shadow Mode="0" />
            </EffectFormat>
        </ShapeFormat>
        <ShapeFormat QuickMask="22039">
            <FillFormat Type="Linear" StopNum="3" Direction="300">
                <Stop Color="#FF366092" Offset="0" />
                <Stop Color="#FF729ACA" Offset="0.6" />
                <Stop Color="#FFB9CDE5" Offset="1" />
            </FillFormat>
            <LineFormat>
                <LineWeight>2</LineWeight>
                <LineCap>0</LineCap>
                <LinePattern>1</LinePattern>
                <Rounding>1</Rounding>
                <BeginArrowID>0</BeginArrowID>
                <BeginArrowSize>4</BeginArrowSize>
                <EndArrowID>0</EndArrowID>
                <EndArrowSize>4</EndArrowSize>
                <LineFill Type="Solid" Color="#FFFFFFFF" />
            </LineFormat>
            <EffectFormat>
                <Shadow Mode="14" Scale="1" OffsetX="0" OffsetY="0" Angle="0" Blur="3" Color="#FFFAFAFA" />
            </EffectFormat>
        </ShapeFormat>
        <ShapeFormat QuickMask="5655">
            <FillFormat Type="Linear" StopNum="3" Direction="300">
                <Stop Color="#FF366092" Offset="0" />
                <Stop Color="#FF729ACA" Offset="0.5" />
                <Stop Color="#FFB9CDE5" Offset="1" />
            </FillFormat>
            <LineFormat>
                <LineWeight>1</LineWeight>
                <LineCap>0</LineCap>
                <LinePattern>1</LinePattern>
                <Rounding>1</Rounding>
                <BeginArrowID>0</BeginArrowID>
                <BeginArrowSize>4</BeginArrowSize>
                <EndArrowID>0</EndArrowID>
                <EndArrowSize>4</EndArrowSize>
                <LineFill Type="Solid" Color="#FF366092" />
            </LineFormat>
            <EffectFormat>
                <Shadow Mode="0" />
            </EffectFormat>
        </ShapeFormat>
    </ThemeEffect>
    <ThemeEffect Name="Balance" PreDefine="TRUE">
        <ShapeFormat QuickMask="16384">
            <FillFormat Type="Solid" Color="#FFFFFFFF" />
            <LineFormat>
                <LineWeight>0.25</LineWeight>
                <LineCap>0</LineCap>
                <LinePattern>1</LinePattern>
                <Rounding>1</Rounding>
                <BeginArrowID>0</BeginArrowID>
                <BeginArrowSize>4</BeginArrowSize>
                <EndArrowID>5</EndArrowID>
                <EndArrowSize>4</EndArrowSize>
                <LineFill Type="Solid" Color="#FF4F81BD" />
            </LineFormat>
            <EffectFormat>
                <Shadow Mode="0" />
            </EffectFormat>
        </ShapeFormat>
        <ShapeFormat QuickMask="2304">
            <FillFormat Type="Solid" Color="#FF4F81BD" />
            <LineFormat>
                <LineWeight>1</LineWeight>
                <LineCap>0</LineCap>
                <LinePattern>1</LinePattern>
                <Rounding>1</Rounding>
                <BeginArrowID>0</BeginArrowID>
                <BeginArrowSize>4</BeginArrowSize>
                <EndArrowID>0</EndArrowID>
                <EndArrowSize>4</EndArrowSize>
                <LineFill Type="Solid" Color="#FF366092" />
            </LineFormat>
            <EffectFormat>
                <Shadow Mode="0" />
            </EffectFormat>
        </ShapeFormat>
        <ShapeFormat QuickMask="24064">
            <FillFormat Type="Radial" StopNum="3" PreDefine="0">
                <Stop Color="#FFDCE6F2" Offset="0" />
                <Stop Color="#FF95B3D7" Offset="0.5" />
                <Stop Color="#FFDCE6F2" Offset="1" />
            </FillFormat>
            <LineFormat>
                <LineWeight>2</LineWeight>
                <LineCap>0</LineCap>
                <LinePattern>1</LinePattern>
                <Rounding>1</Rounding>
                <BeginArrowID>0</BeginArrowID>
                <BeginArrowSize>4</BeginArrowSize>
                <EndArrowID>0</EndArrowID>
                <EndArrowSize>4</EndArrowSize>
                <LineFill Type="Solid" Color="#FFFFFFFF" />
            </LineFormat>
            <EffectFormat>
                <Shadow Mode="14" Scale="1" OffsetX="0" OffsetY="0" Angle="0" Blur="3" Color="#FF808080" />
            </EffectFormat>
        </ShapeFormat>
        <ShapeFormat QuickMask="7680">
            <FillFormat Type="Radial" StopNum="5" PreDefine="0">
                <Stop Color="#FFDCE6F2" Offset="0" />
                <Stop Color="#FF95B3D7" Offset="0.2" />
                <Stop Color="#FF729ACA" Offset="0.5" />
                <Stop Color="#FF95B3D7" Offset="0.8" />
                <Stop Color="#FFDCE6F2" Offset="1" />
            </FillFormat>
            <LineFormat>
                <LineWeight>1</LineWeight>
                <LineCap>0</LineCap>
                <LinePattern>1</LinePattern>
                <Rounding>1</Rounding>
                <BeginArrowID>0</BeginArrowID>
                <BeginArrowSize>4</BeginArrowSize>
                <EndArrowID>0</EndArrowID>
                <EndArrowSize>4</EndArrowSize>
                <LineFill Type="Solid" Color="#FF729ACA" />
            </LineFormat>
            <EffectFormat>
                <Shadow Mode="0" />
            </EffectFormat>
        </ShapeFormat>
        <ShapeFormat QuickMask="24064">
            <FillFormat Type="Radial" StopNum="5" PreDefine="0">
                <Stop Color="#FF4F81BD" Offset="0" />
                <Stop Color="#FF729ACA" Offset="0.2" />
                <Stop Color="#FF4F81BD" Offset="0.5" />
                <Stop Color="#FF729ACA" Offset="0.8" />
                <Stop Color="#FF4F81BD" Offset="1" />
            </FillFormat>
            <LineFormat>
                <LineWeight>2</LineWeight>
                <LineCap>0</LineCap>
                <LinePattern>1</LinePattern>
                <Rounding>1</Rounding>
                <BeginArrowID>0</BeginArrowID>
                <BeginArrowSize>4</BeginArrowSize>
                <EndArrowID>0</EndArrowID>
                <EndArrowSize>4</EndArrowSize>
                <LineFill Type="Solid" Color="#FFFFFFFF" />
            </LineFormat>
            <EffectFormat>
                <Shadow Mode="14" Scale="1" OffsetX="0" OffsetY="0" Angle="0" Blur="3" Color="#E5E4E4E4" />
            </EffectFormat>
        </ShapeFormat>
        <ShapeFormat QuickMask="7680">
            <FillFormat Type="Radial" StopNum="5" PreDefine="0">
                <Stop Color="#FF4F81BD" Offset="0" />
                <Stop Color="#FF729ACA" Offset="0.2" />
                <Stop Color="#FF4F81BD" Offset="0.5" />
                <Stop Color="#FF729ACA" Offset="0.8" />
                <Stop Color="#FF4F81BD" Offset="1" />
            </FillFormat>
            <LineFormat>
                <LineWeight>1</LineWeight>
                <LineCap>0</LineCap>
                <LinePattern>1</LinePattern>
                <Rounding>1</Rounding>
                <BeginArrowID>0</BeginArrowID>
                <BeginArrowSize>4</BeginArrowSize>
                <EndArrowID>0</EndArrowID>
                <EndArrowSize>4</EndArrowSize>
                <LineFill Type="Solid" Color="#FF366092" />
            </LineFormat>
            <EffectFormat>
                <Shadow Mode="0" />
            </EffectFormat>
        </ShapeFormat>
    </ThemeEffect>
    <ThemeEffect Name="Oriel" PreDefine="TRUE">
        <ShapeFormat QuickMask="16384">
            <FillFormat Type="Solid" Color="#FFFFFFFF" />
            <LineFormat>
                <LineWeight>0.25</LineWeight>
                <LineCap>0</LineCap>
                <LinePattern>1</LinePattern>
                <Rounding>1</Rounding>
                <BeginArrowID>5</BeginArrowID>
                <BeginArrowSize>4</BeginArrowSize>
                <EndArrowID>5</EndArrowID>
                <EndArrowSize>4</EndArrowSize>
                <LineFill Type="Solid" Color="#FF4F81BD" />
            </LineFormat>
            <EffectFormat>
                <Shadow Mode="0" />
            </EffectFormat>
        </ShapeFormat>
        <ShapeFormat QuickMask="7424">
            <FillFormat Type="Solid" Color="#FFDCE6F2" />
            <LineFormat>
                <LineWeight>1</LineWeight>
                <LineCap>0</LineCap>
                <LinePattern>1</LinePattern>
                <Rounding>1</Rounding>
                <BeginArrowID>0</BeginArrowID>
                <BeginArrowSize>4</BeginArrowSize>
                <EndArrowID>0</EndArrowID>
                <EndArrowSize>4</EndArrowSize>
                <LineFill Type="Solid" Color="#FF4F81BD" />
            </LineFormat>
            <EffectFormat>
                <Shadow Mode="0" />
            </EffectFormat>
        </ShapeFormat>
        <ShapeFormat QuickMask="22272">
            <FillFormat Type="Radial" StopNum="3" PreDefine="2">
                <Stop Color="#FF729ACA" Offset="0" />
                <Stop Color="#FFB9CDE5" Offset="0.09" />
                <Stop Color="#FFDCE6F2" Offset="1" />
            </FillFormat>
            <LineFormat>
                <LineWeight>2</LineWeight>
                <LineCap>0</LineCap>
                <LinePattern>1</LinePattern>
                <Rounding>1</Rounding>
                <BeginArrowID>0</BeginArrowID>
                <BeginArrowSize>4</BeginArrowSize>
                <EndArrowID>0</EndArrowID>
                <EndArrowSize>4</EndArrowSize>
                <LineFill Type="Solid" Color="#FFFFFFFF" />
            </LineFormat>
            <EffectFormat>
                <Shadow Mode="14" Scale="1" OffsetX="0" OffsetY="2" Angle="0" Blur="3" Color="#FF000000" />
            </EffectFormat>
        </ShapeFormat>
        <ShapeFormat QuickMask="22272">
            <FillFormat Type="Radial" StopNum="3" PreDefine="2">
                <Stop Color="#FF95B3D7" Offset="0" />
                <Stop Color="#FFB9CDE5" Offset="0.29" />
                <Stop Color="#FFDCE6F2" Offset="1" />
            </FillFormat>
            <LineFormat>
                <LineWeight>1</LineWeight>
                <LineCap>0</LineCap>
                <LinePattern>1</LinePattern>
                <Rounding>1</Rounding>
                <BeginArrowID>0</BeginArrowID>
                <BeginArrowSize>4</BeginArrowSize>
                <EndArrowID>0</EndArrowID>
                <EndArrowSize>4</EndArrowSize>
                <LineFill Type="Solid" Color="#FF4F81BD" />
            </LineFormat>
            <EffectFormat>
                <Shadow Mode="14" Scale="1" OffsetX="2" OffsetY="2" Angle="0" Blur="3" Color="#59000000" />
            </EffectFormat>
        </ShapeFormat>
        <ShapeFormat QuickMask="24064">
            <FillFormat Type="Radial" StopNum="3" PreDefine="2">
                <Stop Color="#FFDCE6F2" Offset="0" />
                <Stop Color="#FF729ACA" Offset="0.09" />
                <Stop Color="#FF729ACA" Offset="1" />
            </FillFormat>
            <LineFormat>
                <LineWeight>2</LineWeight>
                <LineCap>0</LineCap>
                <LinePattern>1</LinePattern>
                <Rounding>1</Rounding>
                <BeginArrowID>0</BeginArrowID>
                <BeginArrowSize>4</BeginArrowSize>
                <EndArrowID>0</EndArrowID>
                <EndArrowSize>4</EndArrowSize>
                <LineFill Type="Solid" Color="#FFFFFFFF" />
            </LineFormat>
            <EffectFormat>
                <Shadow Mode="14" Scale="1" OffsetX="0" OffsetY="2" Angle="0" Blur="3" Color="#FF808080" />
            </EffectFormat>
        </ShapeFormat>
        <ShapeFormat QuickMask="7680">
            <FillFormat Type="Radial" StopNum="3" PreDefine="2">
                <Stop Color="#FFDCE6F2" Offset="0" />
                <Stop Color="#FF729ACA" Offset="0.09" />
                <Stop Color="#FF729ACA" Offset="1" />
            </FillFormat>
            <LineFormat>
                <LineWeight>1</LineWeight>
                <LineCap>0</LineCap>
                <LinePattern>1</LinePattern>
                <Rounding>1</Rounding>
                <BeginArrowID>0</BeginArrowID>
                <BeginArrowSize>4</BeginArrowSize>
                <EndArrowID>0</EndArrowID>
                <EndArrowSize>4</EndArrowSize>
                <LineFill Type="Solid" Color="#FF366092" />
            </LineFormat>
            <EffectFormat>
                <Shadow Mode="0" />
            </EffectFormat>
        </ShapeFormat>
    </ThemeEffect>
    <ThemeEffect Name="Cross" PreDefine="TRUE">
        <ShapeFormat QuickMask="16384">
            <FillFormat Type="Solid" Color="#FFFFFFFF" />
            <LineFormat>
                <LineWeight>0.25</LineWeight>
                <LineCap>0</LineCap>
                <LinePattern>1</LinePattern>
                <Rounding>1</Rounding>
                <BeginArrowID>13</BeginArrowID>
                <BeginArrowSize>4</BeginArrowSize>
                <EndArrowID>13</EndArrowID>
                <EndArrowSize>4</EndArrowSize>
                <LineFill Type="Solid" Color="#FF4F81BD" />
            </LineFormat>
            <EffectFormat>
                <Shadow Mode="0" />
            </EffectFormat>
        </ShapeFormat>
        <ShapeFormat QuickMask="7424">
            <FillFormat Type="Solid" Color="#FF729ACA" />
            <LineFormat>
                <LineWeight>1</LineWeight>
                <LineCap>0</LineCap>
                <LinePattern>1</LinePattern>
                <Rounding>1</Rounding>
                <BeginArrowID>0</BeginArrowID>
                <BeginArrowSize>4</BeginArrowSize>
                <EndArrowID>0</EndArrowID>
                <EndArrowSize>4</EndArrowSize>
                <LineFill Type="Solid" Color="#FF366092" />
            </LineFormat>
            <EffectFormat>
                <Shadow Mode="0" />
            </EffectFormat>
        </ShapeFormat>
        <ShapeFormat QuickMask="1536">
            <FillFormat Type="Linear" StopNum="2" Direction="90">
                <Stop Color="#FFDCE6F2" Offset="0" />
                <Stop Color="#FF729ACA" Offset="1" />
            </FillFormat>
            <LineFormat>
                <LineWeight>1</LineWeight>
                <LineCap>0</LineCap>
                <LinePattern>1</LinePattern>
                <Rounding>1</Rounding>
                <BeginArrowID>0</BeginArrowID>
                <BeginArrowSize>4</BeginArrowSize>
                <EndArrowID>0</EndArrowID>
                <EndArrowSize>4</EndArrowSize>
                <LineFill />
            </LineFormat>
            <EffectFormat>
                <Shadow Mode="14" Scale="0.96" OffsetX="0" OffsetY="2" Angle="0" Blur="2" Color="#FFECECEC" />
            </EffectFormat>
        </ShapeFormat>
        <ShapeFormat QuickMask="24064">
            <FillFormat Type="Linear" StopNum="2" Direction="90">
                <Stop Color="#FFDCE6F2" Offset="0" />
                <Stop Color="#FF729ACA" Offset="1" />
            </FillFormat>
            <LineFormat>
                <LineWeight>1</LineWeight>
                <LineCap>0</LineCap>
                <LinePattern>1</LinePattern>
                <Rounding>1</Rounding>
                <BeginArrowID>0</BeginArrowID>
                <BeginArrowSize>4</BeginArrowSize>
                <EndArrowID>0</EndArrowID>
                <EndArrowSize>4</EndArrowSize>
                <LineFill Type="Solid" Color="#FF366092" />
            </LineFormat>
            <EffectFormat>
                <Shadow Mode="0" />
            </EffectFormat>
        </ShapeFormat>
        <ShapeFormat QuickMask="1536">
            <FillFormat Type="Linear" StopNum="2" Direction="90">
                <Stop Color="#FF729ACA" Offset="0" />
                <Stop Color="#FF244061" Offset="1" />
            </FillFormat>
            <LineFormat>
                <LineWeight>1</LineWeight>
                <LineCap>0</LineCap>
                <LinePattern>1</LinePattern>
                <Rounding>1</Rounding>
                <BeginArrowID>0</BeginArrowID>
                <BeginArrowSize>4</BeginArrowSize>
                <EndArrowID>0</EndArrowID>
                <EndArrowSize>4</EndArrowSize>
                <LineFill />
            </LineFormat>
            <EffectFormat>
                <Shadow Mode="14" Scale="0.96" OffsetX="0" OffsetY="2" Angle="0" Blur="2" Color="#FF9B9B9B" />
            </EffectFormat>
        </ShapeFormat>
        <ShapeFormat QuickMask="24064">
            <FillFormat Type="Linear" StopNum="2" Direction="90">
                <Stop Color="#FF729ACA" Offset="0" />
                <Stop Color="#FF244061" Offset="1" />
            </FillFormat>
            <LineFormat>
                <LineWeight>1</LineWeight>
                <LineCap>0</LineCap>
                <LinePattern>1</LinePattern>
                <Rounding>1</Rounding>
                <BeginArrowID>0</BeginArrowID>
                <BeginArrowSize>4</BeginArrowSize>
                <EndArrowID>0</EndArrowID>
                <EndArrowSize>4</EndArrowSize>
                <LineFill Type="Solid" Color="#FF366092" />
            </LineFormat>
            <EffectFormat>
                <Shadow Mode="0" />
            </EffectFormat>
        </ShapeFormat>
    </ThemeEffect>
    <ThemeEffect Name="Mission" PreDefine="TRUE">
        <ShapeFormat QuickMask="16384">
            <FillFormat Type="Solid" Color="#FFFFFFFF" />
            <LineFormat>
                <LineWeight>1</LineWeight>
                <LineCap>0</LineCap>
                <LinePattern>1</LinePattern>
                <Rounding>1</Rounding>
                <BeginArrowID>0</BeginArrowID>
                <BeginArrowSize>4</BeginArrowSize>
                <EndArrowID>0</EndArrowID>
                <EndArrowSize>4</EndArrowSize>
                <LineFill Type="Solid" Color="#FF4F81BD" />
            </LineFormat>
            <EffectFormat>
                <Shadow Mode="0" />
            </EffectFormat>
        </ShapeFormat>
        <ShapeFormat QuickMask="2304">
            <FillFormat Type="Solid" Color="#FF4F81BD" />
            <LineFormat>
                <LineWeight>1</LineWeight>
                <LineCap>0</LineCap>
                <LinePattern>1</LinePattern>
                <Rounding>1</Rounding>
                <BeginArrowID>0</BeginArrowID>
                <BeginArrowSize>4</BeginArrowSize>
                <EndArrowID>0</EndArrowID>
                <EndArrowSize>4</EndArrowSize>
                <LineFill Type="Solid" Color="#FF366092" />
            </LineFormat>
            <EffectFormat>
                <Shadow Mode="0" />
            </EffectFormat>
        </ShapeFormat>
        <ShapeFormat QuickMask="7936">
            <FillFormat Type="Hatch" ForeColor="#FF95B3D7" BackColor="#FFDCE6F2" Style="42" />
            <LineFormat>
                <LineWeight>1</LineWeight>
                <LineCap>0</LineCap>
                <LinePattern>1</LinePattern>
                <Rounding>1</Rounding>
                <BeginArrowID>0</BeginArrowID>
                <BeginArrowSize>4</BeginArrowSize>
                <EndArrowID>0</EndArrowID>
                <EndArrowSize>4</EndArrowSize>
                <LineFill Type="Solid" Color="#FF95B3D7" />
            </LineFormat>
            <EffectFormat>
                <Shadow Mode="0" />
            </EffectFormat>
        </ShapeFormat>
        <ShapeFormat QuickMask="7936">
            <FillFormat Type="Hatch" ForeColor="#FFDCE6F2" BackColor="#FF729ACA" Style="44" />
            <LineFormat>
                <LineWeight>1</LineWeight>
                <LineCap>0</LineCap>
                <LinePattern>1</LinePattern>
                <Rounding>1</Rounding>
                <BeginArrowID>0</BeginArrowID>
                <BeginArrowSize>4</BeginArrowSize>
                <EndArrowID>0</EndArrowID>
                <EndArrowSize>4</EndArrowSize>
                <LineFill Type="Solid" Color="#FF4F81BD" />
            </LineFormat>
            <EffectFormat>
                <Shadow Mode="0" />
            </EffectFormat>
        </ShapeFormat>
        <ShapeFormat QuickMask="7936">
            <FillFormat Type="Hatch" ForeColor="#FF95B3D7" BackColor="#FFDCE6F2" Style="2" />
            <LineFormat>
                <LineWeight>1</LineWeight>
                <LineCap>0</LineCap>
                <LinePattern>1</LinePattern>
                <Rounding>1</Rounding>
                <BeginArrowID>0</BeginArrowID>
                <BeginArrowSize>4</BeginArrowSize>
                <EndArrowID>0</EndArrowID>
                <EndArrowSize>4</EndArrowSize>
                <LineFill Type="Solid" Color="#FF95B3D7" />
            </LineFormat>
            <EffectFormat>
                <Shadow Mode="0" />
            </EffectFormat>
        </ShapeFormat>
        <ShapeFormat QuickMask="7936">
            <FillFormat Type="Hatch" ForeColor="#FF95B3D7" BackColor="#FFDCE6F2" Style="22" />
            <LineFormat>
                <LineWeight>1</LineWeight>
                <LineCap>0</LineCap>
                <LinePattern>1</LinePattern>
                <Rounding>1</Rounding>
                <BeginArrowID>0</BeginArrowID>
                <BeginArrowSize>4</BeginArrowSize>
                <EndArrowID>0</EndArrowID>
                <EndArrowSize>4</EndArrowSize>
                <LineFill Type="Solid" Color="#FF729ACA" />
            </LineFormat>
            <EffectFormat>
                <Shadow Mode="0" />
            </EffectFormat>
        </ShapeFormat>
    </ThemeEffect>
    <ThemeEffect Name="Surf" PreDefine="TRUE">
        <ShapeFormat QuickMask="16384">
            <FillFormat Type="Solid" Color="#FFFFFFFF" />
            <LineFormat>
                <LineWeight>1</LineWeight>
                <LineCap>0</LineCap>
                <LinePattern>1</LinePattern>
                <Rounding>1</Rounding>
                <BeginArrowID>0</BeginArrowID>
                <BeginArrowSize>4</BeginArrowSize>
                <EndArrowID>0</EndArrowID>
                <EndArrowSize>4</EndArrowSize>
                <LineFill Type="Solid" Color="#FF4F81BD" />
            </LineFormat>
            <EffectFormat>
                <Shadow Mode="0" />
            </EffectFormat>
        </ShapeFormat>
        <ShapeFormat QuickMask="2304">
            <FillFormat Type="Solid" Color="#FF4F81BD" />
            <LineFormat>
                <LineWeight>1</LineWeight>
                <LineCap>0</LineCap>
                <LinePattern>1</LinePattern>
                <Rounding>1</Rounding>
                <BeginArrowID>0</BeginArrowID>
                <BeginArrowSize>4</BeginArrowSize>
                <EndArrowID>0</EndArrowID>
                <EndArrowSize>4</EndArrowSize>
                <LineFill Type="Solid" Color="#FF366092" />
            </LineFormat>
            <EffectFormat>
                <Shadow Mode="0" />
            </EffectFormat>
        </ShapeFormat>
        <ShapeFormat QuickMask="1792">
            <FillFormat Type="Linear" StopNum="3" Direction="270">
                <Stop Color="#FFDCE6F2" Offset="0" />
                <Stop Color="#FFB9CDE5" Offset="0.49" />
                <Stop Color="#FF729ACA" Offset="1" />
            </FillFormat>
            <LineFormat>
                <LineWeight>2</LineWeight>
                <LineCap>0</LineCap>
                <LinePattern>1</LinePattern>
                <Rounding>1</Rounding>
                <BeginArrowID>0</BeginArrowID>
                <BeginArrowSize>4</BeginArrowSize>
                <EndArrowID>0</EndArrowID>
                <EndArrowSize>4</EndArrowSize>
                <LineFill Type="Solid" Color="#FFFFFFFF" />
            </LineFormat>
            <EffectFormat>
                <Shadow Mode="14" Scale="1" OffsetX="2" OffsetY="2" Angle="0" Blur="3" Color="#FF000000" />
            </EffectFormat>
        </ShapeFormat>
        <ShapeFormat QuickMask="7680">
            <FillFormat Type="Linear" StopNum="7" Direction="90">
                <Stop Color="#FFFFFFFF" Offset="0" />
                <Stop Color="#FF4F81BD" Offset="0.05" />
                <Stop Color="#FF729ACA" Offset="0.2" />
                <Stop Color="#FFDCE6F2" Offset="0.5" />
                <Stop Color="#FF729ACA" Offset="0.8" />
                <Stop Color="#FF4F81BD" Offset="0.95" />
                <Stop Color="#FFFFFFFF" Offset="1" />
            </FillFormat>
            <LineFormat>
                <LineWeight>1</LineWeight>
                <LineCap>0</LineCap>
                <LinePattern>1</LinePattern>
                <Rounding>1</Rounding>
                <BeginArrowID>0</BeginArrowID>
                <BeginArrowSize>4</BeginArrowSize>
                <EndArrowID>0</EndArrowID>
                <EndArrowSize>4</EndArrowSize>
                <LineFill Type="Solid" Color="#FF366092" />
            </LineFormat>
            <EffectFormat>
                <Shadow Mode="0" />
            </EffectFormat>
        </ShapeFormat>
        <ShapeFormat QuickMask="7680">
            <FillFormat Type="Linear" StopNum="5" Direction="90">
                <Stop Color="#FFFFFFFF" Offset="0" />
                <Stop Color="#FF95B3D7" Offset="0.05" />
                <Stop Color="#FF4F81BD" Offset="0.5" />
                <Stop Color="#FF95B3D7" Offset="0.95" />
                <Stop Color="#FFFFFFFF" Offset="1" />
            </FillFormat>
            <LineFormat>
                <LineWeight>1</LineWeight>
                <LineCap>0</LineCap>
                <LinePattern>1</LinePattern>
                <Rounding>1</Rounding>
                <BeginArrowID>0</BeginArrowID>
                <BeginArrowSize>4</BeginArrowSize>
                <EndArrowID>0</EndArrowID>
                <EndArrowSize>4</EndArrowSize>
                <LineFill />
            </LineFormat>
            <EffectFormat>
                <Shadow Mode="14" Scale="1" OffsetX="0" OffsetY="3" Angle="0" Blur="3" Color="#E59B9B9B" />
            </EffectFormat>
        </ShapeFormat>
        <ShapeFormat QuickMask="7680">
            <FillFormat Type="Linear" StopNum="7" Direction="90">
                <Stop Color="#FFFFFFFF" Offset="0" />
                <Stop Color="#FF95B3D7" Offset="0.05" />
                <Stop Color="#FF729ACA" Offset="0.2" />
                <Stop Color="#FF4F81BD" Offset="0.5" />
                <Stop Color="#FF729ACA" Offset="0.8" />
                <Stop Color="#FF95B3D7" Offset="0.95" />
                <Stop Color="#FFFFFFFF" Offset="1" />
            </FillFormat>
            <LineFormat>
                <LineWeight>1</LineWeight>
                <LineCap>0</LineCap>
                <LinePattern>1</LinePattern>
                <Rounding>1</Rounding>
                <BeginArrowID>0</BeginArrowID>
                <BeginArrowSize>4</BeginArrowSize>
                <EndArrowID>0</EndArrowID>
                <EndArrowSize>4</EndArrowSize>
                <LineFill Type="Solid" Color="#FF366092" />
            </LineFormat>
            <EffectFormat>
                <Shadow Mode="0" />
            </EffectFormat>
        </ShapeFormat>
    </ThemeEffect>
    <ThemeEffect Name="Decent" PreDefine="TRUE">
        <ShapeFormat QuickMask="16384">
            <FillFormat Type="Solid" Color="#FFFFFFFF" />
            <LineFormat>
                <LineWeight>1</LineWeight>
                <LineCap>0</LineCap>
                <LinePattern>1</LinePattern>
                <Rounding>1</Rounding>
                <BeginArrowID>0</BeginArrowID>
                <BeginArrowSize>4</BeginArrowSize>
                <EndArrowID>0</EndArrowID>
                <EndArrowSize>4</EndArrowSize>
                <LineFill Type="Solid" Color="#FF4F81BD" />
            </LineFormat>
            <EffectFormat>
                <Shadow Mode="0" />
            </EffectFormat>
        </ShapeFormat>
        <ShapeFormat QuickMask="3328">
            <FillFormat Type="Solid" Color="#FF95B3D7" />
            <LineFormat>
                <LineWeight>1</LineWeight>
                <LineCap>0</LineCap>
                <LinePattern>1</LinePattern>
                <Rounding>1</Rounding>
                <BeginArrowID>0</BeginArrowID>
                <BeginArrowSize>4</BeginArrowSize>
                <EndArrowID>0</EndArrowID>
                <EndArrowSize>4</EndArrowSize>
                <LineFill Type="Solid" Color="#FF366092" />
            </LineFormat>
            <EffectFormat>
                <Shadow Mode="0" />
            </EffectFormat>
        </ShapeFormat>
        <ShapeFormat QuickMask="5888">
            <FillFormat Type="Linear" StopNum="3" Direction="180">
                <Stop Color="#FFB9CDE5" Offset="0" />
                <Stop Color="#FFDCE6F2" Offset="0.5" />
                <Stop Color="#FFB9CDE5" Offset="1" />
            </FillFormat>
            <LineFormat>
                <LineWeight>2</LineWeight>
                <LineCap>0</LineCap>
                <LinePattern>1</LinePattern>
                <Rounding>1</Rounding>
                <BeginArrowID>0</BeginArrowID>
                <BeginArrowSize>4</BeginArrowSize>
                <EndArrowID>0</EndArrowID>
                <EndArrowSize>4</EndArrowSize>
                <LineFill Type="Solid" Color="#FFFFFFFF" />
            </LineFormat>
            <EffectFormat>
                <Shadow Mode="14" Scale="1" OffsetX="0" OffsetY="0" Angle="0" Blur="3" Color="#FF808080" />
            </EffectFormat>
        </ShapeFormat>
        <ShapeFormat QuickMask="7680">
            <FillFormat Type="Linear" StopNum="5" Direction="180">
                <Stop Color="#FFFFFFFF" Offset="0" />
                <Stop Color="#FF95B3D7" Offset="0.05" />
                <Stop Color="#FF729ACA" Offset="0.5" />
                <Stop Color="#FF95B3D7" Offset="0.95" />
                <Stop Color="#FFFFFFFF" Offset="1" />
            </FillFormat>
            <LineFormat>
                <LineWeight>1</LineWeight>
                <LineCap>0</LineCap>
                <LinePattern>1</LinePattern>
                <Rounding>1</Rounding>
                <BeginArrowID>0</BeginArrowID>
                <BeginArrowSize>4</BeginArrowSize>
                <EndArrowID>0</EndArrowID>
                <EndArrowSize>4</EndArrowSize>
                <LineFill Type="Solid" Color="#FF4F81BD" />
            </LineFormat>
            <EffectFormat>
                <Shadow Mode="0" />
            </EffectFormat>
        </ShapeFormat>
        <ShapeFormat QuickMask="7680">
            <FillFormat Type="Linear" StopNum="5" Direction="0">
                <Stop Color="#FF729ACA" Offset="0" />
                <Stop Color="#FF95B3D7" Offset="0.09" />
                <Stop Color="#FFDCE6F2" Offset="0.5" />
                <Stop Color="#FF95B3D7" Offset="0.91" />
                <Stop Color="#FF729ACA" Offset="1" />
            </FillFormat>
            <LineFormat>
                <LineWeight>1</LineWeight>
                <LineCap>0</LineCap>
                <LinePattern>1</LinePattern>
                <Rounding>1</Rounding>
                <BeginArrowID>0</BeginArrowID>
                <BeginArrowSize>4</BeginArrowSize>
                <EndArrowID>0</EndArrowID>
                <EndArrowSize>4</EndArrowSize>
                <LineFill Type="Solid" Color="#FF4F81BD" />
            </LineFormat>
            <EffectFormat>
                <Shadow Mode="0" />
            </EffectFormat>
        </ShapeFormat>
        <ShapeFormat QuickMask="7680">
            <FillFormat Type="Linear" StopNum="5" Direction="0">
                <Stop Color="#FFDCE6F2" Offset="0" />
                <Stop Color="#FF729ACA" Offset="0.09" />
                <Stop Color="#FF95B3D7" Offset="0.5" />
                <Stop Color="#FF729ACA" Offset="0.91" />
                <Stop Color="#FFDCE6F2" Offset="1" />
            </FillFormat>
            <LineFormat>
                <LineWeight>1</LineWeight>
                <LineCap>0</LineCap>
                <LinePattern>1</LinePattern>
                <Rounding>1</Rounding>
                <BeginArrowID>0</BeginArrowID>
                <BeginArrowSize>4</BeginArrowSize>
                <EndArrowID>0</EndArrowID>
                <EndArrowSize>4</EndArrowSize>
                <LineFill Type="Solid" Color="#FF4F81BD" />
            </LineFormat>
            <EffectFormat>
                <Shadow Mode="0" />
            </EffectFormat>
        </ShapeFormat>
    </ThemeEffect>
    <ThemeEffect Name="Module" PreDefine="TRUE">
        <ShapeFormat QuickMask="16384">
            <FillFormat Type="Solid" Color="#FFFFFFFF" />
            <LineFormat>
                <LineWeight>1</LineWeight>
                <LineCap>0</LineCap>
                <LinePattern>1</LinePattern>
                <Rounding>1</Rounding>
                <BeginArrowID>0</BeginArrowID>
                <BeginArrowSize>4</BeginArrowSize>
                <EndArrowID>0</EndArrowID>
                <EndArrowSize>4</EndArrowSize>
                <LineFill Type="Solid" Color="#FF4F81BD" />
            </LineFormat>
            <EffectFormat>
                <Shadow Mode="0" />
            </EffectFormat>
        </ShapeFormat>
        <ShapeFormat QuickMask="2304">
            <FillFormat Type="Solid" Color="#FF4F81BD" />
            <LineFormat>
                <LineWeight>1</LineWeight>
                <LineCap>0</LineCap>
                <LinePattern>1</LinePattern>
                <Rounding>1</Rounding>
                <BeginArrowID>0</BeginArrowID>
                <BeginArrowSize>4</BeginArrowSize>
                <EndArrowID>0</EndArrowID>
                <EndArrowSize>4</EndArrowSize>
                <LineFill Type="Solid" Color="#FF366092" />
            </LineFormat>
            <EffectFormat>
                <Shadow Mode="0" />
            </EffectFormat>
        </ShapeFormat>
        <ShapeFormat QuickMask="24320">
            <FillFormat Type="Linear" StopNum="3" Direction="300">
                <Stop Color="#FF729ACA" Offset="0" />
                <Stop Color="#FFB9CDE5" Offset="0.45" />
                <Stop Color="#FFDCE6F2" Offset="1" />
            </FillFormat>
            <LineFormat>
                <LineWeight>2</LineWeight>
                <LineCap>0</LineCap>
                <LinePattern>1</LinePattern>
                <Rounding>1</Rounding>
                <BeginArrowID>0</BeginArrowID>
                <BeginArrowSize>4</BeginArrowSize>
                <EndArrowID>0</EndArrowID>
                <EndArrowSize>4</EndArrowSize>
                <LineFill Type="Solid" Color="#FFFFFFFF" />
            </LineFormat>
            <EffectFormat>
                <Shadow Mode="14" Scale="1" OffsetX="0" OffsetY="0" Angle="0" Blur="3" Color="#FF808080" />
            </EffectFormat>
        </ShapeFormat>
        <ShapeFormat QuickMask="7936">
            <FillFormat Type="Linear" StopNum="3" Direction="300">
                <Stop Color="#FF729ACA" Offset="0" />
                <Stop Color="#FF95B3D7" Offset="0.44" />
                <Stop Color="#FFFFFFFF" Offset="1" />
            </FillFormat>
            <LineFormat>
                <LineWeight>1</LineWeight>
                <LineCap>0</LineCap>
                <LinePattern>1</LinePattern>
                <Rounding>1</Rounding>
                <BeginArrowID>0</BeginArrowID>
                <BeginArrowSize>4</BeginArrowSize>
                <EndArrowID>0</EndArrowID>
                <EndArrowSize>4</EndArrowSize>
                <LineFill Type="Solid" Color="#FF4F81BD" />
            </LineFormat>
            <EffectFormat>
                <Shadow Mode="14" Scale="1" OffsetX="0" OffsetY="2" Angle="0" Blur="3" Color="#FFFAFAFA" />
            </EffectFormat>
        </ShapeFormat>
        <ShapeFormat QuickMask="7936">
            <FillFormat Type="Radial" StopNum="5" PreDefine="8">
                <Stop Color="#FFDCE6F2" Offset="0" />
                <Stop Color="#FFB9CDE5" Offset="0.04" />
                <Stop Color="#FF95B3D7" Offset="0.29" />
                <Stop Color="#FF729ACA" Offset="0.65" />
                <Stop Color="#FF729ACA" Offset="1" />
            </FillFormat>
            <LineFormat>
                <LineWeight>1</LineWeight>
                <LineCap>0</LineCap>
                <LinePattern>1</LinePattern>
                <Rounding>1</Rounding>
                <BeginArrowID>0</BeginArrowID>
                <BeginArrowSize>4</BeginArrowSize>
                <EndArrowID>0</EndArrowID>
                <EndArrowSize>4</EndArrowSize>
                <LineFill Type="Solid" Color="#FF4F81BD" />
            </LineFormat>
            <EffectFormat>
                <Shadow Mode="0" />
            </EffectFormat>
        </ShapeFormat>
        <ShapeFormat QuickMask="7936">
            <FillFormat Type="Radial" StopNum="4" PreDefine="8">
                <Stop Color="#FFB9CDE5" Offset="0" />
                <Stop Color="#FF95B3D7" Offset="0.31" />
                <Stop Color="#FF729ACA" Offset="0.63" />
                <Stop Color="#FF4F81BD" Offset="1" />
            </FillFormat>
            <LineFormat>
                <LineWeight>1</LineWeight>
                <LineCap>0</LineCap>
                <LinePattern>1</LinePattern>
                <Rounding>1</Rounding>
                <BeginArrowID>0</BeginArrowID>
                <BeginArrowSize>4</BeginArrowSize>
                <EndArrowID>0</EndArrowID>
                <EndArrowSize>4</EndArrowSize>
                <LineFill Type="Solid" Color="#FF4F81BD" />
            </LineFormat>
            <EffectFormat>
                <Shadow Mode="0" />
            </EffectFormat>
        </ShapeFormat>
    </ThemeEffect>
    <ThemeEffect Name="Convene" PreDefine="TRUE">
        <ShapeFormat QuickMask="16384">
            <FillFormat Type="Solid" Color="#FFFFFFFF" />
            <LineFormat>
                <LineWeight>1</LineWeight>
                <LineCap>0</LineCap>
                <LinePattern>1</LinePattern>
                <Rounding>1</Rounding>
                <BeginArrowID>0</BeginArrowID>
                <BeginArrowSize>4</BeginArrowSize>
                <EndArrowID>0</EndArrowID>
                <EndArrowSize>4</EndArrowSize>
                <LineFill Type="Solid" Color="#FF4F81BD" />
            </LineFormat>
            <EffectFormat>
                <Shadow Mode="0" />
            </EffectFormat>
        </ShapeFormat>
        <ShapeFormat QuickMask="2304">
            <FillFormat Type="Solid" Color="#FF4F81BD" />
            <LineFormat>
                <LineWeight>1</LineWeight>
                <LineCap>0</LineCap>
                <LinePattern>1</LinePattern>
                <Rounding>1</Rounding>
                <BeginArrowID>0</BeginArrowID>
                <BeginArrowSize>4</BeginArrowSize>
                <EndArrowID>0</EndArrowID>
                <EndArrowSize>4</EndArrowSize>
                <LineFill Type="Solid" Color="#FF366092" />
            </LineFormat>
            <EffectFormat>
                <Shadow Mode="0" />
            </EffectFormat>
        </ShapeFormat>
        <ShapeFormat QuickMask="1792">
            <FillFormat Type="Radial" StopNum="3" PreDefine="1">
                <Stop Color="#FF729ACA" Offset="0" />
                <Stop Color="#FFB9CDE5" Offset="0.23" />
                <Stop Color="#FFDCE6F2" Offset="1" />
            </FillFormat>
            <LineFormat>
                <LineWeight>2</LineWeight>
                <LineCap>0</LineCap>
                <LinePattern>1</LinePattern>
                <Rounding>1</Rounding>
                <BeginArrowID>0</BeginArrowID>
                <BeginArrowSize>4</BeginArrowSize>
                <EndArrowID>0</EndArrowID>
                <EndArrowSize>4</EndArrowSize>
                <LineFill Type="Solid" Color="#FFFFFFFF" />
            </LineFormat>
            <EffectFormat>
                <Shadow Mode="14" Scale="1" OffsetX="2" OffsetY="2" Angle="0" Blur="3" Color="#FF000000" />
            </EffectFormat>
        </ShapeFormat>
        <ShapeFormat QuickMask="7680">
            <FillFormat Type="Linear" StopNum="3" Direction="90">
                <Stop Color="#FFDCE6F2" Offset="0" />
                <Stop Color="#FF95B3D7" Offset="0.15" />
                <Stop Color="#FF729ACA" Offset="1" />
            </FillFormat>
            <LineFormat>
                <LineWeight>1</LineWeight>
                <LineCap>0</LineCap>
                <LinePattern>1</LinePattern>
                <Rounding>1</Rounding>
                <BeginArrowID>0</BeginArrowID>
                <BeginArrowSize>4</BeginArrowSize>
                <EndArrowID>0</EndArrowID>
                <EndArrowSize>4</EndArrowSize>
                <LineFill Type="Solid" Color="#FF4F81BD" />
            </LineFormat>
            <EffectFormat>
                <Shadow Mode="14" Scale="1" OffsetX="1" OffsetY="2" Angle="0" Blur="2" Color="#FF9B9B9B" />
            </EffectFormat>
        </ShapeFormat>
        <ShapeFormat QuickMask="7680">
            <FillFormat Type="Linear" StopNum="5" Direction="90">
                <Stop Color="#FFFFFFFF" Offset="0" />
                <Stop Color="#FF95B3D7" Offset="0.05" />
                <Stop Color="#FF729ACA" Offset="0.5" />
                <Stop Color="#FF95B3D7" Offset="0.95" />
                <Stop Color="#FFFFFFFF" Offset="1" />
            </FillFormat>
            <LineFormat>
                <LineWeight>1</LineWeight>
                <LineCap>0</LineCap>
                <LinePattern>1</LinePattern>
                <Rounding>1</Rounding>
                <BeginArrowID>0</BeginArrowID>
                <BeginArrowSize>4</BeginArrowSize>
                <EndArrowID>0</EndArrowID>
                <EndArrowSize>4</EndArrowSize>
                <LineFill />
            </LineFormat>
            <EffectFormat>
                <Shadow Mode="14" Scale="1" OffsetX="0" OffsetY="3" Angle="0" Blur="3" Color="#E59B9B9B" />
            </EffectFormat>
        </ShapeFormat>
        <ShapeFormat QuickMask="7680">
            <FillFormat Type="Linear" StopNum="3" Direction="90">
                <Stop Color="#FF729ACA" Offset="0" />
                <Stop Color="#FF366092" Offset="0.15" />
                <Stop Color="#FF244061" Offset="1" />
            </FillFormat>
            <LineFormat>
                <LineWeight>1</LineWeight>
                <LineCap>0</LineCap>
                <LinePattern>1</LinePattern>
                <Rounding>1</Rounding>
                <BeginArrowID>0</BeginArrowID>
                <BeginArrowSize>4</BeginArrowSize>
                <EndArrowID>0</EndArrowID>
                <EndArrowSize>4</EndArrowSize>
                <LineFill Type="Solid" Color="#FF244061" />
            </LineFormat>
            <EffectFormat>
                <Shadow Mode="14" Scale="1" OffsetX="1" OffsetY="2" Angle="0" Blur="2" Color="#FF9B9B9B" />
            </EffectFormat>
        </ShapeFormat>
    </ThemeEffect>
    <ThemeEffect Name="Paper" PreDefine="TRUE">
        <ShapeFormat QuickMask="16384">
            <FillFormat Type="Solid" Color="#FFFFFFFF" />
            <LineFormat>
                <LineWeight>1</LineWeight>
                <LineCap>0</LineCap>
                <LinePattern>1</LinePattern>
                <Rounding>1</Rounding>
                <BeginArrowID>0</BeginArrowID>
                <BeginArrowSize>4</BeginArrowSize>
                <EndArrowID>0</EndArrowID>
                <EndArrowSize>4</EndArrowSize>
                <LineFill Type="Solid" Color="#FF4F81BD" />
            </LineFormat>
            <EffectFormat>
                <Shadow Mode="0" />
            </EffectFormat>
        </ShapeFormat>
        <ShapeFormat QuickMask="2304">
            <FillFormat Type="Solid" Color="#FF4F81BD" />
            <LineFormat>
                <LineWeight>1</LineWeight>
                <LineCap>0</LineCap>
                <LinePattern>1</LinePattern>
                <Rounding>1</Rounding>
                <BeginArrowID>0</BeginArrowID>
                <BeginArrowSize>4</BeginArrowSize>
                <EndArrowID>0</EndArrowID>
                <EndArrowSize>4</EndArrowSize>
                <LineFill Type="Solid" Color="#FF366092" />
            </LineFormat>
            <EffectFormat>
                <Shadow Mode="0" />
            </EffectFormat>
        </ShapeFormat>
        <ShapeFormat QuickMask="22039">
            <FillFormat Type="Radial" StopNum="3" PreDefine="9">
                <Stop Color="#FFFFFFFF" Offset="0" />
                <Stop Color="#FFB9CDE5" Offset="0.4" />
                <Stop Color="#FF95B3D7" Offset="1" />
            </FillFormat>
            <LineFormat>
                <LineWeight>2</LineWeight>
                <LineCap>0</LineCap>
                <LinePattern>1</LinePattern>
                <Rounding>1</Rounding>
                <BeginArrowID>0</BeginArrowID>
                <BeginArrowSize>4</BeginArrowSize>
                <EndArrowID>0</EndArrowID>
                <EndArrowSize>4</EndArrowSize>
                <LineFill Type="Solid" Color="#FFFFFFFF" />
            </LineFormat>
            <EffectFormat>
                <Shadow Mode="14" Scale="1" OffsetX="0" OffsetY="1" Angle="0" Blur="3" Color="#FFFAFAFA" />
            </EffectFormat>
        </ShapeFormat>
        <ShapeFormat QuickMask="1559">
            <FillFormat Type="Radial" StopNum="3" PreDefine="9">
                <Stop Color="#FFFFFFFF" Offset="0" />
                <Stop Color="#FFB9CDE5" Offset="0.4" />
                <Stop Color="#FF95B3D7" Offset="1" />
            </FillFormat>
            <LineFormat>
                <LineWeight>1</LineWeight>
                <LineCap>0</LineCap>
                <LinePattern>1</LinePattern>
                <Rounding>1</Rounding>
                <BeginArrowID>0</BeginArrowID>
                <BeginArrowSize>4</BeginArrowSize>
                <EndArrowID>0</EndArrowID>
                <EndArrowSize>4</EndArrowSize>
                <LineFill Type="Solid" Color="#FF4F81BD" />
            </LineFormat>
            <EffectFormat>
                <Shadow Mode="0" />
            </EffectFormat>
        </ShapeFormat>
        <ShapeFormat QuickMask="22039">
            <FillFormat Type="Radial" StopNum="3" PreDefine="9">
                <Stop Color="#FFB9CDE5" Offset="0" />
                <Stop Color="#FF729ACA" Offset="0.6" />
                <Stop Color="#FF366092" Offset="1" />
            </FillFormat>
            <LineFormat>
                <LineWeight>2</LineWeight>
                <LineCap>0</LineCap>
                <LinePattern>1</LinePattern>
                <Rounding>1</Rounding>
                <BeginArrowID>0</BeginArrowID>
                <BeginArrowSize>4</BeginArrowSize>
                <EndArrowID>0</EndArrowID>
                <EndArrowSize>4</EndArrowSize>
                <LineFill Type="Solid" Color="#FFFFFFFF" />
            </LineFormat>
            <EffectFormat>
                <Shadow Mode="14" Scale="1" OffsetX="0" OffsetY="0" Angle="0" Blur="3" Color="#FFFAFAFA" />
            </EffectFormat>
        </ShapeFormat>
        <ShapeFormat QuickMask="1559">
            <FillFormat Type="Radial" StopNum="3" PreDefine="9">
                <Stop Color="#FFB9CDE5" Offset="0" />
                <Stop Color="#FF729ACA" Offset="0.5" />
                <Stop Color="#FF366092" Offset="1" />
            </FillFormat>
            <LineFormat>
                <LineWeight>1</LineWeight>
                <LineCap>0</LineCap>
                <LinePattern>1</LinePattern>
                <Rounding>1</Rounding>
                <BeginArrowID>0</BeginArrowID>
                <BeginArrowSize>4</BeginArrowSize>
                <EndArrowID>0</EndArrowID>
                <EndArrowSize>4</EndArrowSize>
                <LineFill Type="Solid" Color="#FF4F81BD" />
            </LineFormat>
            <EffectFormat>
                <Shadow Mode="0" />
            </EffectFormat>
        </ShapeFormat>
    </ThemeEffect>
    <ThemeEffect Name="Beach" PreDefine="TRUE">
        <ShapeFormat QuickMask="16384">
            <FillFormat Type="Solid" Color="#FFFFFFFF" />
            <LineFormat>
                <LineWeight>1</LineWeight>
                <LineCap>0</LineCap>
                <LinePattern>1</LinePattern>
                <Rounding>1</Rounding>
                <BeginArrowID>0</BeginArrowID>
                <BeginArrowSize>4</BeginArrowSize>
                <EndArrowID>0</EndArrowID>
                <EndArrowSize>4</EndArrowSize>
                <LineFill Type="Solid" Color="#FF4F81BD" />
            </LineFormat>
            <EffectFormat>
                <Shadow Mode="0" />
            </EffectFormat>
        </ShapeFormat>
        <ShapeFormat QuickMask="2304">
            <FillFormat Type="Solid" Color="#FF4F81BD" />
            <LineFormat>
                <LineWeight>1</LineWeight>
                <LineCap>0</LineCap>
                <LinePattern>1</LinePattern>
                <Rounding>1</Rounding>
                <BeginArrowID>0</BeginArrowID>
                <BeginArrowSize>4</BeginArrowSize>
                <EndArrowID>0</EndArrowID>
                <EndArrowSize>4</EndArrowSize>
                <LineFill Type="Solid" Color="#FF366092" />
            </LineFormat>
            <EffectFormat>
                <Shadow Mode="0" />
            </EffectFormat>
        </ShapeFormat>
        <ShapeFormat QuickMask="16">
            <FillFormat Type="Radial" StopNum="3" PreDefine="2">
                <Stop Color="#FF729ACA" Offset="0" />
                <Stop Color="#FFB9CDE5" Offset="0.09" />
                <Stop Color="#FFDCE6F2" Offset="1" />
            </FillFormat>
            <LineFormat>
                <LineWeight>2</LineWeight>
                <LineCap>0</LineCap>
                <LinePattern>1</LinePattern>
                <Rounding>1</Rounding>
                <BeginArrowID>0</BeginArrowID>
                <BeginArrowSize>4</BeginArrowSize>
                <EndArrowID>0</EndArrowID>
                <EndArrowSize>4</EndArrowSize>
                <LineFill Type="Solid" Color="#FFFFFFFF" />
            </LineFormat>
            <EffectFormat>
                <Shadow Mode="14" Scale="1" OffsetX="2" OffsetY="2" Angle="0" Blur="3" Color="#59000000" />
            </EffectFormat>
        </ShapeFormat>
        <ShapeFormat QuickMask="1559">
            <FillFormat Type="Radial" StopNum="3" PreDefine="2">
                <Stop Color="#FF729ACA" Offset="0" />
                <Stop Color="#FF95B3D7" Offset="0.12" />
                <Stop Color="#FFB9CDE5" Offset="1" />
            </FillFormat>
            <LineFormat>
                <LineWeight>1</LineWeight>
                <LineCap>0</LineCap>
                <LinePattern>1</LinePattern>
                <Rounding>1</Rounding>
                <BeginArrowID>0</BeginArrowID>
                <BeginArrowSize>4</BeginArrowSize>
                <EndArrowID>0</EndArrowID>
                <EndArrowSize>4</EndArrowSize>
                <LineFill Type="Solid" Color="#FF366092" />
            </LineFormat>
            <EffectFormat>
                <Shadow Mode="0" />
            </EffectFormat>
        </ShapeFormat>
        <ShapeFormat QuickMask="1040">
            <FillFormat Type="Radial" StopNum="3" PreDefine="2">
                <Stop Color="#FFB9CDE5" Offset="0" />
                <Stop Color="#FF95B3D7" Offset="0.09" />
                <Stop Color="#FF729ACA" Offset="1" />
            </FillFormat>
            <LineFormat>
                <LineWeight>2</LineWeight>
                <LineCap>0</LineCap>
                <LinePattern>1</LinePattern>
                <Rounding>1</Rounding>
                <BeginArrowID>0</BeginArrowID>
                <BeginArrowSize>4</BeginArrowSize>
                <EndArrowID>0</EndArrowID>
                <EndArrowSize>4</EndArrowSize>
                <LineFill Type="Solid" Color="#FFFFFFFF" />
            </LineFormat>
            <EffectFormat>
                <Shadow Mode="14" Scale="1" OffsetX="2" OffsetY="2" Angle="0" Blur="3" Color="#59000000" />
            </EffectFormat>
        </ShapeFormat>
        <ShapeFormat QuickMask="23">
            <FillFormat Type="Radial" StopNum="3" PreDefine="2">
                <Stop Color="#FFDCE6F2" Offset="0" />
                <Stop Color="#FF729ACA" Offset="0.09" />
                <Stop Color="#FF729ACA" Offset="1" />
            </FillFormat>
            <LineFormat>
                <LineWeight>1</LineWeight>
                <LineCap>0</LineCap>
                <LinePattern>1</LinePattern>
                <Rounding>1</Rounding>
                <BeginArrowID>0</BeginArrowID>
                <BeginArrowSize>4</BeginArrowSize>
                <EndArrowID>0</EndArrowID>
                <EndArrowSize>4</EndArrowSize>
                <LineFill Type="Solid" Color="#FF366092" />
            </LineFormat>
            <EffectFormat>
                <Shadow Mode="0" />
            </EffectFormat>
        </ShapeFormat>
    </ThemeEffect>
    <ThemeEffect Name="Technic" PreDefine="TRUE">
        <ShapeFormat QuickMask="16384">
            <FillFormat Type="Solid" Color="#FFFFFFFF" />
            <LineFormat>
                <LineWeight>1</LineWeight>
                <LineCap>0</LineCap>
                <LinePattern>1</LinePattern>
                <Rounding>1</Rounding>
                <BeginArrowID>0</BeginArrowID>
                <BeginArrowSize>4</BeginArrowSize>
                <EndArrowID>0</EndArrowID>
                <EndArrowSize>4</EndArrowSize>
                <LineFill Type="Solid" Color="#FF4F81BD" />
            </LineFormat>
            <EffectFormat>
                <Shadow Mode="0" />
            </EffectFormat>
        </ShapeFormat>
        <ShapeFormat QuickMask="3328">
            <FillFormat Type="Solid" Color="#FF729ACA" />
            <LineFormat>
                <LineWeight>1</LineWeight>
                <LineCap>0</LineCap>
                <LinePattern>1</LinePattern>
                <Rounding>1</Rounding>
                <BeginArrowID>0</BeginArrowID>
                <BeginArrowSize>4</BeginArrowSize>
                <EndArrowID>0</EndArrowID>
                <EndArrowSize>4</EndArrowSize>
                <LineFill Type="Solid" Color="#FF366092" />
            </LineFormat>
            <EffectFormat>
                <Shadow Mode="0" />
            </EffectFormat>
        </ShapeFormat>
        <ShapeFormat QuickMask="24064">
            <FillFormat Type="Linear" StopNum="5" Direction="270">
                <Stop Color="#FFB9CDE5" Offset="0" />
                <Stop Color="#FF95B3D7" Offset="0.1" />
                <Stop Color="#FF4F81BD" Offset="0.5" />
                <Stop Color="#FF95B3D7" Offset="0.9" />
                <Stop Color="#FFB9CDE5" Offset="1" />
            </FillFormat>
            <LineFormat>
                <LineWeight>2</LineWeight>
                <LineCap>0</LineCap>
                <LinePattern>1</LinePattern>
                <Rounding>1</Rounding>
                <BeginArrowID>0</BeginArrowID>
                <BeginArrowSize>4</BeginArrowSize>
                <EndArrowID>0</EndArrowID>
                <EndArrowSize>4</EndArrowSize>
                <LineFill Type="Solid" Color="#FFFFFFFF" />
            </LineFormat>
            <EffectFormat>
                <Shadow Mode="14" Scale="1" OffsetX="2" OffsetY="2" Angle="0" Blur="3" Color="#59000000" />
            </EffectFormat>
        </ShapeFormat>
        <ShapeFormat QuickMask="3584">
            <FillFormat Type="Linear" StopNum="5" Direction="270">
                <Stop Color="#FFB9CDE5" Offset="0" />
                <Stop Color="#FF95B3D7" Offset="0.1" />
                <Stop Color="#FF4F81BD" Offset="0.5" />
                <Stop Color="#FF95B3D7" Offset="0.9" />
                <Stop Color="#FFB9CDE5" Offset="1" />
            </FillFormat>
            <LineFormat>
                <LineWeight>1</LineWeight>
                <LineCap>0</LineCap>
                <LinePattern>1</LinePattern>
                <Rounding>1</Rounding>
                <BeginArrowID>0</BeginArrowID>
                <BeginArrowSize>4</BeginArrowSize>
                <EndArrowID>0</EndArrowID>
                <EndArrowSize>4</EndArrowSize>
                <LineFill Type="Solid" Color="#FF366092" />
            </LineFormat>
            <EffectFormat>
                <Shadow Mode="0" />
            </EffectFormat>
        </ShapeFormat>
        <ShapeFormat QuickMask="24064">
            <FillFormat Type="Linear" StopNum="5" Direction="270">
                <Stop Color="#FF4F81BD" Offset="0" />
                <Stop Color="#FF729ACA" Offset="0.1" />
                <Stop Color="#FFDCE6F2" Offset="0.5" />
                <Stop Color="#FF729ACA" Offset="0.9" />
                <Stop Color="#FF4F81BD" Offset="1" />
            </FillFormat>
            <LineFormat>
                <LineWeight>2</LineWeight>
                <LineCap>0</LineCap>
                <LinePattern>1</LinePattern>
                <Rounding>1</Rounding>
                <BeginArrowID>0</BeginArrowID>
                <BeginArrowSize>4</BeginArrowSize>
                <EndArrowID>0</EndArrowID>
                <EndArrowSize>4</EndArrowSize>
                <LineFill Type="Solid" Color="#FFFFFFFF" />
            </LineFormat>
            <EffectFormat>
                <Shadow Mode="14" Scale="1" OffsetX="2" OffsetY="2" Angle="0" Blur="3" Color="#59000000" />
            </EffectFormat>
        </ShapeFormat>
        <ShapeFormat QuickMask="3584">
            <FillFormat Type="Linear" StopNum="5" Direction="270">
                <Stop Color="#FF4F81BD" Offset="0" />
                <Stop Color="#FF729ACA" Offset="0.1" />
                <Stop Color="#FFDCE6F2" Offset="0.5" />
                <Stop Color="#FF729ACA" Offset="0.9" />
                <Stop Color="#FF4F81BD" Offset="1" />
            </FillFormat>
            <LineFormat>
                <LineWeight>1</LineWeight>
                <LineCap>0</LineCap>
                <LinePattern>1</LinePattern>
                <Rounding>1</Rounding>
                <BeginArrowID>0</BeginArrowID>
                <BeginArrowSize>4</BeginArrowSize>
                <EndArrowID>0</EndArrowID>
                <EndArrowSize>4</EndArrowSize>
                <LineFill Type="Solid" Color="#FF366092" />
            </LineFormat>
            <EffectFormat>
                <Shadow Mode="0" />
            </EffectFormat>
        </ShapeFormat>
    </ThemeEffect>
    <ThemeEffect Name="Engine" PreDefine="TRUE">
        <ShapeFormat QuickMask="-1">
            <FillFormat Type="Solid" Color="#FFDCE6F2" />
            <LineFormat>
                <LineWeight>0.25</LineWeight>
                <LineCap>0</LineCap>
                <LinePattern>1</LinePattern>
                <Rounding>1</Rounding>
                <BeginArrowID>5</BeginArrowID>
                <BeginArrowSize>4</BeginArrowSize>
                <EndArrowID>5</EndArrowID>
                <EndArrowSize>4</EndArrowSize>
                <LineFill Type="Solid" Color="#FF366092" />
            </LineFormat>
            <EffectFormat>
                <Shadow Mode="0" />
            </EffectFormat>
        </ShapeFormat>
        <ShapeFormat QuickMask="-1">
            <FillFormat Type="Linear" StopNum="3" Direction="90">
                <Stop Color="#FFDCE6F2" Offset="0" />
                <Stop Color="#FFB9CDE5" Offset="0.5" />
                <Stop Color="#FF95B3D7" Offset="1" />
            </FillFormat>
            <LineFormat>
                <LineWeight>0.25</LineWeight>
                <LineCap>0</LineCap>
                <LinePattern>1</LinePattern>
                <Rounding>1</Rounding>
                <BeginArrowID>5</BeginArrowID>
                <BeginArrowSize>4</BeginArrowSize>
                <EndArrowID>5</EndArrowID>
                <EndArrowSize>4</EndArrowSize>
                <LineFill Type="Solid" Color="#FF244061" />
            </LineFormat>
            <EffectFormat>
                <Shadow Mode="0" />
            </EffectFormat>
        </ShapeFormat>
        <ShapeFormat QuickMask="-1">
            <FillFormat Type="Hatch" ForeColor="#B1FFFFFF" BackColor="#994F81BD" Style="12" />
            <LineFormat>
                <LineWeight>1</LineWeight>
                <LineCap>0</LineCap>
                <LinePattern>1</LinePattern>
                <Rounding>1</Rounding>
                <BeginArrowID>0</BeginArrowID>
                <BeginArrowSize>4</BeginArrowSize>
                <EndArrowID>0</EndArrowID>
                <EndArrowSize>4</EndArrowSize>
                <LineFill Type="Solid" Color="#FF244061" />
            </LineFormat>
            <EffectFormat>
                <Shadow Mode="0" />
            </EffectFormat>
        </ShapeFormat>
        <ShapeFormat QuickMask="-1">
            <FillFormat Type="Solid" Color="#FFFFFFFF" />
            <LineFormat>
                <LineWeight>1</LineWeight>
                <LineCap>0</LineCap>
                <LinePattern>1</LinePattern>
                <Rounding>1</Rounding>
                <BeginArrowID>0</BeginArrowID>
                <BeginArrowSize>4</BeginArrowSize>
                <EndArrowID>0</EndArrowID>
                <EndArrowSize>4</EndArrowSize>
                <LineFill Type="Solid" Color="#FF000000" />
            </LineFormat>
            <EffectFormat>
                <Shadow Mode="0" />
            </EffectFormat>
        </ShapeFormat>
        <ShapeFormat QuickMask="-1">
            <FillFormat Type="Solid" Color="#FFB9CDE5" />
            <LineFormat>
                <LineWeight>1</LineWeight>
                <LineCap>0</LineCap>
                <LinePattern>1</LinePattern>
                <Rounding>1</Rounding>
                <BeginArrowID>0</BeginArrowID>
                <BeginArrowSize>4</BeginArrowSize>
                <EndArrowID>0</EndArrowID>
                <EndArrowSize>4</EndArrowSize>
                <LineFill Type="Solid" Color="#FF244061" />
            </LineFormat>
            <EffectFormat>
                <Shadow Mode="14" Scale="1" OffsetX="0" OffsetY="3" Angle="0" Blur="4" Color="#98000000" />
            </EffectFormat>
        </ShapeFormat>
        <ShapeFormat QuickMask="-1">
            <FillFormat Type="Linear" StopNum="3" Direction="90">
                <Stop Color="#FFB9CDE5" Offset="0" />
                <Stop Color="#FF95B3D7" Offset="0.5" />
                <Stop Color="#FF729ACA" Offset="1" />
            </FillFormat>
            <LineFormat>
                <LineWeight>1</LineWeight>
                <LineCap>0</LineCap>
                <LinePattern>1</LinePattern>
                <Rounding>1</Rounding>
                <BeginArrowID>0</BeginArrowID>
                <BeginArrowSize>4</BeginArrowSize>
                <EndArrowID>0</EndArrowID>
                <EndArrowSize>4</EndArrowSize>
                <LineFill Type="Solid" Color="#FF244061" />
            </LineFormat>
            <EffectFormat>
                <Shadow Mode="14" Scale="1" OffsetX="0" OffsetY="3" Angle="0" Blur="4" Color="#98000000" />
            </EffectFormat>
        </ShapeFormat>
    </ThemeEffect>
</ThemeEffects>
